phone_number,first_name,last_name,email,city,address
+86-882-726-2962,Evan,Clute,eclute0@fc2.com,Jiading,8 Graedel Center
+94-617-839-8526,Isa,McGoldrick,imcgoldrick1@tiny.cc,Kuliyapitiya,5 Loeprich Crossing
+234-589-734-4328,Elwin,Dewfall,edewfall2@yahoo.co.jp,Jibiya,42765 Sutherland Lane
+62-252-630-0552,Bryna,Humpherson,bhumpherson3@sitemeter.com,Bradag,3280 Columbus Way
+66-902-728-7559,Mavis,Eller,meller4@ezinearticles.com,Ban Chalong,8 Twin Pines Avenue
+55-862-164-6862,Fred,Towsey,ftowsey5@alibaba.com,Apucarana,3080 Arapahoe Street
+63-232-715-4253,Erny,Hubeaux,ehubeaux6@toplist.cz,Banquero,343 Maple Street
+46-494-812-4961,Merridie,Loch,mloch7@mlb.com,Luleå,91776 Mayer Terrace
+597-551-180-6124,Rosalynd,Hawyes,rhawyes8@studiopress.com,Nieuw Nickerie,63 Gale Road
+62-198-707-7120,Barbe,Galland,bgalland9@telegraph.co.uk,Tempeh Tengah,0146 Monica Way
+86-941-477-8170,Fayre,Samuel,fsamuela@bbc.co.uk,Jialou,1636 Cottonwood Road
+86-941-858-8604,Hillyer,Curtis,hcurtisb@soundcloud.com,Geyuan,434 Burning Wood Circle
+86-986-167-4401,Deeann,Haglinton,dhaglintonc@nytimes.com,Luokou,69 Garrison Circle
+62-630-950-5439,Ursulina,Caldeyroux,ucaldeyrouxd@unc.edu,Bedadung Kulon,56844 Mccormick Crossing
+686-494-892-9103,Teresita,Moncaster,tmoncastere@ameblo.jp,Banraeaba Village,34494 Parkside Junction
+380-880-647-9231,Piggy,Scriviner,pscrivinerf@google.com.au,Mospyne,877 Prairieview Way
+381-864-646-4780,Mollee,Sumner,msumnerg@elpais.com,Dimitrovgrad,40886 Stone Corner Plaza
+351-385-579-1429,Catlaina,Rivers,criversh@phpbb.com,Lisboa,31850 Del Sol Pass
+66-392-613-5068,Rayna,Bidnall,rbidnalli@soup.io,Khu Khan,038 Grayhawk Lane
+992-129-646-9645,Crissy,Ferreli,cferrelij@salon.com,Khŭjand,4 Delaware Hill
+420-569-804-3821,Herschel,McInulty,hmcinultyk@howstuffworks.com,Boskovice,7 Ridgeview Point
+380-618-577-0937,Twila,Becarra,tbecarral@tiny.cc,Turiys’k,1 Mockingbird Way
+380-352-151-3204,Noland,Callander,ncallanderm@so-net.ne.jp,Zboriv,950 Memorial Trail
+86-628-178-1086,Danie,Durran,ddurrann@thetimes.co.uk,Gusong,8 5th Terrace
+62-427-710-0993,Darius,Reimers,dreimerso@nba.com,Laironja,604 Pine View Place
+976-722-332-2440,Kandace,Stickins,kstickinsp@ow.ly,Talshand,0688 Lakewood Gardens Avenue
+507-793-586-8632,Madlin,Schoenleiter,mschoenleiterq@cornell.edu,Dolega District,33 Badeau Plaza
+226-568-276-9661,Janetta,Witard,jwitardr@npr.org,Léo,06751 Lunder Place
+81-710-569-3715,Windy,Hanscom,whanscoms@slashdot.org,Kasamatsuchō,6811 Ronald Regan Center
+1-303-454-0064,Avrom,Duffree,aduffreet@cocolog-nifty.com,Aurora,079 Hanson Parkway
+86-350-709-8074,Olin,Phebee,ophebeeu@instagram.com,Xiwang,0929 Loeprich Avenue
+86-606-719-7775,Fawn,Carvilla,fcarvillav@latimes.com,Xiashitai,45232 Bunker Hill Center
+30-790-238-1908,Denise,Whitely,dwhitelyw@squarespace.com,Kokkinóchoma,660 Lotheville Hill
+1-719-251-8041,Alberto,Lehrmann,alehrmannx@marriott.com,Grande Prairie,00473 Arapahoe Alley
+86-214-410-9927,Mathew,McGarrity,mmcgarrityy@vkontakte.ru,Shatian,20 Aberg Junction
+255-500-991-8541,Cristabel,Grassett,cgrassettz@cdc.gov,Nzega,9634 Ridgeview Drive
+86-223-680-0297,Horatio,Filyukov,hfilyukov10@desdev.cn,Liuji,90039 Oakridge Parkway
+7-694-219-4639,Fielding,Melding,fmelding11@dot.gov,Novyy Karachay,76696 Trailsway Crossing
+62-419-481-7054,Brier,Gapper,bgapper12@yandex.ru,Padangbai,3939 Bluejay Place
+86-299-640-3579,Petronella,Featherstone,pfeatherstone13@fc2.com,Changtian,3728 Eagle Crest Lane
+62-796-821-2591,Jobye,Tooher,jtooher14@wikipedia.org,Keroak,40 Grasskamp Road
+54-931-889-0242,Prudy,Ruppeli,pruppeli15@illinois.edu,Anguil,479 Logan Trail
+93-621-250-1196,Collette,Brumwell,cbrumwell16@hp.com,Rabāţ-e Sangī-ye Pā’īn,79 Moose Place
+55-473-644-6869,Bonnee,Hadleigh,bhadleigh17@latimes.com,João Câmara,7193 Vera Crossing
+86-513-161-3552,Jennica,Philippart,jphilippart18@barnesandnoble.com,Shantou,1402 Hovde Street
+62-889-850-8435,Davin,Gutch,dgutch19@liveinternet.ru,Kuala Bhee,70142 Westerfield Point
+7-904-221-8011,Anallese,Aloigi,aaloigi1a@scientificamerican.com,Yutsa,36 Heath Center
+86-590-463-1483,Lyndell,Heffernan,lheffernan1b@creativecommons.org,Dongshui,747 Huxley Circle
+212-506-412-8855,Isis,Tatem,itatem1c@psu.edu,Taouloukoult,63 Becker Way
+52-631-320-3696,Orrin,Hall,ohall1d@microsoft.com,Buenavista,1727 Mariners Cove Drive
+86-512-548-5832,Irv,Malbon,imalbon1e@booking.com,Zhuangshi,781 Cambridge Avenue
+234-307-782-4399,Reggy,Theodoris,rtheodoris1f@oakley.com,Ifo,7001 Jay Place
+86-273-615-6495,Alex,Kobpal,akobpal1g@npr.org,Chenfangji,0793 Birchwood Center
+48-703-775-6551,Mariquilla,Gherarducci,mgherarducci1h@posterous.com,Jadów,99778 Delladonna Parkway
+63-989-439-9763,Cull,Drury,cdrury1i@sohu.com,Guinsadan,8 Laurel Center
+595-588-163-5674,Jacquie,Vince,jvince1j@ezinearticles.com,San Patricio,0 Brentwood Avenue
+55-310-950-5433,Angus,Grigoire,agrigoire1k@godaddy.com,Presidente Dutra,89 Forest Dale Avenue
+63-495-441-3851,Lanita,Fatscher,lfatscher1l@jigsy.com,Okiot,5 Novick Way
+46-395-891-5532,Rena,Grisedale,rgrisedale1m@merriam-webster.com,Karlskoga,39086 Thierer Junction
+353-109-677-5963,Alexa,Duffer,aduffer1n@purevolume.com,Clonskeagh,629 Twin Pines Lane
+86-559-430-4266,Che,Collins,ccollins1o@shinystat.com,Kesha,1 Randy Circle
+216-915-555-0849,Enid,Kensington,ekensington1p@wp.com,Jendouba,61 Harper Crossing
+86-912-574-3786,Tailor,Sunners,tsunners1q@acquirethisname.com,Heicheng,9769 Schlimgen Hill
+57-161-940-4373,Roze,Holtaway,rholtaway1r@hc360.com,La Virginia,211 Burrows Court
+86-258-157-3738,Willabella,MacDunlevy,wmacdunlevy1s@e-recht24.de,Dengzhou,980 Ryan Terrace
+62-719-691-0431,Thornie,Labeuil,tlabeuil1t@ifeng.com,Paciran,93931 Melvin Circle
+970-963-249-9850,Thayne,Lurner,tlurner1u@berkeley.edu,Tayāsīr,8 Roxbury Court
+86-355-687-4715,Carry,Briggdale,cbriggdale1v@dot.gov,Jingxiyuan,14 Dwight Circle
+1-745-675-5095,Bryn,Goodhall,bgoodhall1w@surveymonkey.com,Picton,88 Rieder Parkway
+81-345-174-3464,Rollin,Grimsdale,rgrimsdale1x@nymag.com,Muramatsu,1356 Hagan Way
+34-455-645-4297,Saxon,Strathearn,sstrathearn1y@chronoengine.com,Lleida,269 Sutteridge Junction
+856-647-179-4911,Horatio,Kinnon,hkinnon1z@dot.gov,Savannakhét,98 Buhler Crossing
+63-552-137-9584,Brear,Algore,balgore20@unesco.org,Bacalan,6 Sommers Crossing
+7-211-789-3951,Chelsea,Hubery,chubery21@wikimedia.org,Lefortovo,14 Walton Parkway
+62-901-260-3300,Gerrard,Cathro,gcathro22@amazonaws.com,Mekarsari,8 Bobwhite Pass
+86-679-895-2847,Gwenora,Emmines,gemmines23@vistaprint.com,Nuoxizhi,32 Blackbird Court
+86-419-134-8671,David,Sanzio,dsanzio24@vk.com,Jubao,8716 Stoughton Point
+62-459-253-3468,Robers,De Carteret,rdecarteret25@europa.eu,Siding,1 Northport Street
+7-777-785-1628,Joseph,Cordle,jcordle26@sfgate.com,Penza,384 Dwight Pass
+27-259-926-9047,Malissia,Gibbs,mgibbs27@unc.edu,Hopetown,6783 Rockefeller Park
+81-990-312-4105,Boyd,Garbutt,bgarbutt28@chron.com,Nara-shi,62 Menomonie Crossing
+7-228-750-4796,Brigit,Gilfillan,bgilfillan29@microsoft.com,Pospelikha,786 Forest Run Drive
+380-582-894-1330,Saree,Bastone,sbastone2a@histats.com,Novovorontsovka,8888 Linden Court
+66-597-315-6328,Wyatt,Kuhnwald,wkuhnwald2b@mozilla.org,Sadao,28369 Cardinal Circle
+351-665-470-3335,Zaneta,Pettersen,zpettersen2c@hibu.com,Fornos,4541 Northport Avenue
+20-999-454-1555,Jackqueline,Wornham,jwornham2d@reuters.com,Madīnat Sittah Uktūbar,58324 Buell Terrace
+62-840-746-1966,Crin,Megany,cmegany2e@deviantart.com,Gandong,7 Pawling Way
+20-181-227-0466,Audi,Cheyenne,acheyenne2f@friendfeed.com,Al Manzilah,10382 Gale Court
+51-978-773-7539,Billie,Hackly,bhackly2g@msu.edu,Honoria,7 Sunnyside Way
+63-506-601-7423,Richart,Ruscoe,rruscoe2h@google.pl,Tambong,3036 Rockefeller Center
+55-789-714-1132,Henrietta,Draisey,hdraisey2i@google.nl,Humaitá,5872 Portage Parkway
+55-920-732-9751,Ahmed,Simoncello,asimoncello2j@techcrunch.com,Parelhas,5 Buhler Way
+62-296-140-8794,Rubina,Stanesby,rstanesby2k@sitemeter.com,Lendan,73 Continental Center
+505-847-893-7567,Nan,Drews,ndrews2l@jalbum.net,San Sebastián de Yalí,13782 Park Meadow Lane
+57-726-831-7826,Ricard,Lowless,rlowless2m@dropbox.com,Belalcazar,1722 Mayfield Alley
+7-576-129-6758,Ezmeralda,Ortzen,eortzen2n@walmart.com,Anzhero-Sudzhensk,378 Green Center
+7-163-888-1672,Wash,Alliot,walliot2o@rediff.com,Uzlovaya,678 Orin Terrace
+33-312-803-1685,Son,Haylor,shaylor2p@mysql.com,Arbois,0769 Manitowish Drive
+359-657-111-2192,Elise,Coye,ecoye2q@telegraph.co.uk,Svilengrad,2784 Buena Vista Drive
+7-567-223-4616,Brandtr,Fayre,bfayre2r@sciencedaily.com,Monino,19391 Forster Hill
+86-924-143-3857,Claire,Fatharly,cfatharly2s@ning.com,Lidian,248 Nova Drive
+48-331-169-1664,Iorgo,Mattiacci,imattiacci2t@aboutads.info,Międzyrzecz,586 Cody Road
+54-453-386-8947,Janith,Erangy,jerangy2u@google.cn,Monte Caseros,56 Spaight Court
+7-468-569-0188,Cortney,Holwell,cholwell2v@live.com,Novouzensk,0203 Corry Park
+86-970-351-9351,Holden,Earthfield,hearthfield2w@mozilla.org,Guangping,87136 Clove Pass
+46-604-386-3261,Antonetta,M'Barron,ambarron2x@cpanel.net,Mariestad,8269 Bellgrove Way
+62-234-157-6383,Opaline,Merrigan,omerrigan2y@shareasale.com,Babantar,3 Kipling Trail
+86-887-866-5723,Nadine,McGown,nmcgown2z@howstuffworks.com,Zhengyangshan,038 Oriole Circle
+269-351-889-0981,Raeann,Peacop,rpeacop30@theglobeandmail.com,Ouani,48230 Mallory Center
+7-781-275-1351,Gaven,De Wolfe,gdewolfe31@hc360.com,Oranzherei,6893 Blaine Place
+353-445-425-9265,Kleon,Avrahamov,kavrahamov32@pbs.org,Nenagh,2949 Butternut Hill
+54-328-257-4107,Ida,Moring,imoring33@ft.com,Comandante Fontana,505 4th Way
+86-622-395-9610,Fremont,Scheffler,fscheffler34@friendfeed.com,Tong’an,16963 Towne Parkway
+86-289-284-6334,Vonny,Rivers,vrivers35@photobucket.com,Mengdadazhuang,97 Vidon Lane
+63-225-602-1067,Betsey,Ead,bead36@ucoz.com,Tubigan,04166 Grasskamp Street
+420-637-217-2121,Dayle,Sharpless,dsharpless37@yellowbook.com,Zlaté Hory,6397 Sunnyside Hill
+62-958-151-7540,Irene,Brodeau,ibrodeau38@msu.edu,Liang,9 Northview Place
+380-323-883-3546,Dell,Ruppert,druppert39@mapquest.com,Starychi,16 Corry Alley
+86-753-609-3797,Bernadina,Merrison,bmerrison3a@g.co,Xihanling,732 Shelley Drive
+63-663-938-4712,Harlie,Glasby,hglasby3b@ted.com,Santiago,992 Northport Point
+7-479-852-8386,Roxine,Deplacido,rdeplacido3c@blogger.com,Kochenëvo,5506 Waxwing Parkway
+86-853-471-9960,Juliann,Goodred,jgoodred3d@washingtonpost.com,Xinhuang,86 Kingsford Parkway
+98-910-679-1717,Jess,Cotmore,jcotmore3e@ebay.com,Chelgard,31428 South Crossing
+46-992-977-4495,Vanna,Kissick,vkissick3f@census.gov,Tanumshede,00 Lake View Terrace
+86-328-902-7348,Tawnya,Flintuff,tflintuff3g@purevolume.com,Dongming,4493 Randy Drive
+30-524-510-6277,Nikoletta,Digg,ndigg3h@washingtonpost.com,Nestório,0 Burning Wood Plaza
+374-864-569-8347,Orsa,Kobsch,okobsch3i@fotki.com,Ejmiatsin,77711 Hintze Street
+62-875-594-5691,Alvy,Romaynes,aromaynes3j@eepurl.com,Hewa,7429 Straubel Point
+1-850-209-4095,Trixi,Cradey,tcradey3k@dailymotion.com,Pensacola,5 Grayhawk Hill
+86-405-453-8529,Rosalynd,Munnion,rmunnion3l@yelp.com,Meicheng,8 Arapahoe Trail
+52-361-673-0591,Kingsley,Slayton,kslayton3m@surveymonkey.com,Solidaridad,6 Londonderry Trail
+62-337-471-7666,Walton,Ickowicz,wickowicz3n@discovery.com,Penanggal,01 Village Green Center
+86-877-166-8799,Jemmie,Caulcutt,jcaulcutt3o@infoseek.co.jp,Shuangjie,2742 Laurel Junction
+7-117-786-3447,Kimball,Hadley,khadley3p@latimes.com,Isakly,385 Saint Paul Street
+242-433-290-7983,Angel,Kinrade,akinrade3q@squidoo.com,Butembo,218 Shoshone Drive
+255-915-964-5680,Felicle,Cuniam,fcuniam3r@pbs.org,Singida,6 Basil Circle
+33-404-762-8920,Brietta,Wingeatt,bwingeatt3s@nhs.uk,Guérande,3 Cascade Terrace
+234-276-539-1790,Deborah,Dahlbom,ddahlbom3t@wired.com,Otan Aiyegbaju,639 Fremont Avenue
+351-493-367-8434,Veronike,Dohr,vdohr3u@wired.com,Lavradio,0 Sunnyside Point
+1-619-969-3463,Parsifal,Ridgers,pridgers3v@latimes.com,San Diego,477 Milwaukee Terrace
+688-233-217-7714,Fax,Dreelan,fdreelan3w@ifeng.com,Funafuti,7 Vera Parkway
+86-908-226-5611,Puff,Houldcroft,phouldcroft3x@ibm.com,Yunfu,0486 Arapahoe Park
+374-283-995-7815,Skip,Sleford,ssleford3y@apache.org,Verin Artashat,954 Waxwing Point
+7-565-642-1784,Genvieve,McMoyer,gmcmoyer3z@woothemes.com,Sim,21 Sauthoff Drive
+48-325-523-6035,Judie,Dorran,jdorran40@blogtalkradio.com,Pleszew,2 Portage Street
+86-274-766-6154,Derry,Bilovsky,dbilovsky41@examiner.com,Xipi,0789 Morning Avenue
+7-860-368-9260,Yehudi,Vivian,yvivian42@hatena.ne.jp,Leonidovo,5 Bonner Place
+55-855-814-5265,Ronny,Bert,rbert43@netvibes.com,Conceição da Feira,307 Ludington Trail
+48-523-607-9081,Babbie,Jiruca,bjiruca44@gmpg.org,Węgierska Górka,03 Ludington Avenue
+7-262-230-4191,Beth,Arnhold,barnhold45@theglobeandmail.com,Krasnyy Oktyabr’,4567 Jenifer Parkway
+52-241-104-1785,Robin,Bartlam,rbartlam46@fda.gov,Benito Juarez,4445 Dawn Parkway
+33-818-413-1033,Jorge,Gorch,jgorch47@quantcast.com,Cavaillon,0645 Fairfield Pass
+55-725-475-7656,Ulysses,Merrisson,umerrisson48@printfriendly.com,Itaporanga,22679 Delladonna Park
+86-665-266-8576,Leese,Bottrell,lbottrell49@lycos.com,Jiangtian,88754 Michigan Junction
+355-742-238-4745,Marrilee,Easterbrook,measterbrook4a@prweb.com,Laç,21893 Hayes Pass
+62-823-766-1561,Peadar,Lethibridge,plethibridge4b@bloomberg.com,Takengon,6 Roxbury Parkway
+374-495-118-7805,Enos,Lawday,elawday4c@opensource.org,Masis,3546 Havey Center
+60-875-728-6339,Cherri,Farrier,cfarrier4d@constantcontact.com,Putrajaya,62 Fairfield Plaza
+64-267-940-7134,Kathryne,Stayt,kstayt4e@t-online.de,Whakatane,31682 Spenser Place
+86-159-950-1117,Cammy,Blench,cblench4f@google.de,Wujian,16846 Michigan Place
+30-740-975-6547,Haleigh,Lipmann,hlipmann4g@fotki.com,Kompóti,9 Caliangt Way
+1-195-662-2750,Glennie,Keelinge,gkeelinge4h@eepurl.com,Jicomé,92 American Avenue
+55-301-898-1459,Jillene,Kite,jkite4i@paginegialle.it,Pouso Alegre,22 Mifflin Crossing
+218-120-469-6088,Gian,Bedinham,gbedinham4j@guardian.co.uk,Sabhā,78 Northridge Alley
+52-890-677-7668,Jarrett,Mapston,jmapston4k@opensource.org,Buenavista,4 High Crossing Parkway
+86-606-966-8216,Edy,McGerraghty,emcgerraghty4l@apple.com,Changle,65009 Bayside Center
+1-820-460-8718,Fred,Baudinet,fbaudinet4m@delicious.com,Les Coteaux,8 Helena Terrace
+63-673-737-4345,Piper,Danilovich,pdanilovich4n@cmu.edu,Naval,9571 Pearson Trail
+86-165-739-3462,Konrad,McClaren,kmcclaren4o@nytimes.com,Caofang,31816 Melrose Junction
+30-334-861-8720,Rogerio,Roantree,rroantree4p@usgs.gov,Patrída,68468 Valley Edge Lane
+52-427-685-3480,Cosimo,McSperron,cmcsperron4q@slate.com,El Mirador,0 Miller Circle
+351-356-678-8142,Stephani,Witton,switton4r@macromedia.com,Campelos,0173 Sage Road
+63-789-527-8917,Ulrick,Rizzelli,urizzelli4s@scribd.com,Binalonan,8 Mockingbird Drive
+351-281-160-3198,Gilly,Sollner,gsollner4t@hc360.com,Dafundo,1 Mitchell Street
+62-639-664-7337,Yoshi,Keatley,ykeatley4u@boston.com,Watuagung,6 Kropf Pass
+86-601-443-9092,Marcile,Hiscocks,mhiscocks4v@arizona.edu,Boyu,71679 Vernon Park
+375-390-611-0564,Stanly,Fanshaw,sfanshaw4w@uiuc.edu,Kryvichy,8915 Fieldstone Way
+86-293-787-9952,Paola,Audus,paudus4x@sourceforge.net,Liangguang,272 Portage Park
+62-328-259-4895,Freddi,Gianulli,fgianulli4y@github.com,Sukoanyar,2 Victoria Lane
+86-673-750-0909,Althea,Cruddace,acruddace4z@google.pl,Bianxiong,195 Green Plaza
+7-350-145-0697,Donnajean,Westman,dwestman50@sitemeter.com,Nagornyy,57081 Service Lane
+86-368-261-7537,Corrie,Hatley,chatley51@arstechnica.com,Tiecun,9 Larry Center
+55-760-259-2518,Aurthur,Le Port,aleport52@alibaba.com,Itatinga,31644 Birchwood Park
+60-469-610-5605,Jelene,Solloway,jsolloway53@slashdot.org,Klang,78 Anniversary Place
+7-898-776-8270,Jessalyn,Buss,jbuss54@google.com.br,Usman’,1713 Debra Terrace
+7-948-119-8636,Lenee,Viggars,lviggars55@paypal.com,Sosnovaya Polyana,5 Graedel Point
+1-427-693-9016,Phillis,Hessentaler,phessentaler56@google.it,Angus,59268 Old Gate Drive
+81-176-428-0771,Rubin,Dalbey,rdalbey57@ted.com,Masaki-chō,090 Bay Point
+509-302-847-7604,Junette,Dollman,jdollman58@e-recht24.de,Carice,9206 Kedzie Hill
+48-849-512-6107,Deny,Ransome,dransome59@google.com.hk,Koło,56 Derek Junction
+62-462-148-1874,Othella,Leggott,oleggott5a@flickr.com,Pameungpeuk,277 Corben Junction
+234-839-528-0718,Chloe,Northwood,cnorthwood5b@icio.us,Ugbokpo,4 Sunnyside Junction
+998-129-618-6398,Antoni,Dupey,adupey5c@hostgator.com,Kosonsoy Shahri,404 Moulton Trail
+370-240-354-6096,Valene,Jonk,vjonk5d@intel.com,Eiguliai,48 Loeprich Center
+62-717-245-4780,Adora,Heinle,aheinle5e@ted.com,Dawuhan,82510 Rusk Court
+82-323-288-1648,Angelo,Gunton,agunton5f@twitter.com,Kurye,15431 Hoard Center
+54-986-143-3014,Aluin,Janman,ajanman5g@amazonaws.com,Arraga,4 Cascade Junction
+7-394-369-2453,Marcel,Daintith,mdaintith5h@techcrunch.com,Uren’,01 Kingsford Court
+86-832-288-5750,Andros,Margerrison,amargerrison5i@deviantart.com,Xinpeicun,489 Kenwood Parkway
+1-939-360-0044,L;urette,Tingey,ltingey5j@spiegel.de,Saguenay,240 Cottonwood Alley
+371-723-473-7367,Hattie,Cushion,hcushion5k@squarespace.com,Ādaži,42 Nova Court
+351-957-219-3232,Elden,Rottery,erottery5l@issuu.com,Sapataria,0 Butterfield Circle
+381-943-803-4506,Sid,Grills,sgrills5m@pbs.org,Niš,8 Grover Pass
+7-797-433-0568,Drucie,Dohms,ddohms5n@guardian.co.uk,Pelym,084 Hoffman Plaza
+598-808-321-0685,Udale,Atthow,uatthow5o@ask.com,Santa Rosa,48500 Homewood Terrace
+86-597-165-0590,Lilias,Maiklem,lmaiklem5p@google.cn,Changfeng,529 International Center
+375-519-791-8769,Lexi,Sansom,lsansom5q@slideshare.net,Druzhny,133 Melrose Terrace
+20-720-968-4018,Hayden,Slamaker,hslamaker5r@bloglines.com,Abū Sunbul,5 Kensington Plaza
+353-759-825-8060,Evvie,Renner,erenner5s@gnu.org,Ballivor,3315 Brown Park
+62-916-411-2410,Matias,Graeser,mgraeser5t@squarespace.com,Mujur,734 Magdeline Terrace
+48-688-357-0052,Mead,Mattys,mmattys5u@unc.edu,Jasienica,41 Redwing Hill
+380-278-905-9166,Erl,Worsnip,eworsnip5v@nba.com,Stebnyk,57908 Little Fleur Drive
+62-753-370-8976,Corry,Veeler,cveeler5w@samsung.com,Pengandonan,63 Rowland Center
+886-188-321-8787,Farlie,Denziloe,fdenziloe5x@usnews.com,Taichung,4 Prentice Park
+963-906-225-5239,Ellyn,Sollars,esollars5y@wix.com,Ḩadīdah,01799 Green Ridge Road
+86-897-546-7698,Lewie,Weaben,lweaben5z@symantec.com,Qinshi,9273 Butternut Park
+353-857-937-4215,Nikolai,Davydzenko,ndavydzenko60@arstechnica.com,Cherryville,7 Morningstar Place
+62-359-577-6461,Eveline,Quilligan,equilligan61@typepad.com,Dampit Satu,4141 Blue Bill Park Avenue
+63-797-372-0534,Nikkie,Durno,ndurno62@upenn.edu,Loay,65 New Castle Road
+62-901-815-3840,Karrah,Batha,kbatha63@icq.com,Nihaona,179 Harper Plaza
+48-629-668-9073,Emmerich,Romaint,eromaint64@w3.org,Kowalewo Pomorskie,04803 Dovetail Court
+1-559-132-6529,Maybelle,Couldwell,mcouldwell65@aol.com,Fresno,7994 Meadow Valley Parkway
+86-163-459-3560,Karissa,Beadell,kbeadell66@nydailynews.com,Wanzhi,0 Pierstorff Avenue
+420-293-233-8586,Meredith,Strangwood,mstrangwood67@youku.com,Teplice,2 Sherman Place
+30-989-291-5280,Bertie,Amsberger,bamsberger68@google.cn,Asprángeloi,1 Spenser Junction
+62-630-995-9950,Raviv,Teasdale-Markie,rteasdalemarkie69@home.pl,Borehbangle,49 Scoville Hill
+86-903-507-8387,Lauren,Currum,lcurrum6a@ustream.tv,Changzhi,04965 Becker Trail
+86-917-284-0674,Hurleigh,Rapi,hrapi6b@newyorker.com,Supu,5 Blue Bill Park Hill
+48-508-364-5173,Alexandre,Gemnett,agemnett6c@wordpress.org,Ozorków,79354 Becker Junction
+86-430-157-7841,Ken,Monroe,kmonroe6d@home.pl,Supu,432 Elgar Trail
+593-845-924-2870,Chryste,Lestor,clestor6e@cyberchimps.com,Catamayo,0 Scofield Circle
+351-185-859-7116,Sawyer,Saylor,ssaylor6f@squarespace.com,Coja,2669 Warrior Parkway
+86-773-986-1336,Doroteya,Birtwisle,dbirtwisle6g@macromedia.com,Meicheng,5 Randy Crossing
+48-597-861-4512,Jeremy,Edison,jedison6h@bizjournals.com,Wilga,16905 Blaine Alley
+63-804-185-2380,Carlota,Roiz,croiz6i@cdbaby.com,San Fernando,91075 Elmside Court
+86-687-281-4355,Russell,Beville,rbeville6j@gnu.org,Lianghe,46 6th Plaza
+48-271-400-0537,Kristoforo,Beyer,kbeyer6k@dailymotion.com,Oborniki Śląskie,8689 Warner Way
+62-610-372-4873,Pavlov,Kubyszek,pkubyszek6l@telegraph.co.uk,Krajan Kidul Rojopolo,1 Moland Place
+57-694-405-7385,Gwenneth,Dederich,gdederich6m@nsw.gov.au,Pradera,140 Parkside Lane
+62-476-577-2623,Janina,Stegel,jstegel6n@tinyurl.com,Karipidita,04147 Morning Point
+62-108-949-3780,Fayre,Woolley,fwoolley6o@utexas.edu,Palamadu,690 Quincy Alley
+86-589-501-4491,Alisander,Goodlud,agoodlud6p@mozilla.com,Situ,394 Cody Park
+509-950-343-8416,Darrick,Sinkinson,dsinkinson6q@craigslist.org,Carice,38 Crownhardt Trail
+595-814-370-3640,Bancroft,Waterfield,bwaterfield6r@cbsnews.com,Caaguazú,048 Killdeer Pass
+95-156-497-3921,Barbara,Calderonello,bcalderonello6s@seesaa.net,Lashio,079 Sommers Court
+62-263-914-8644,Ingrid,Martinat,imartinat6t@istockphoto.com,Babagan,550 Cambridge Terrace
+389-471-561-2425,Lissy,Wyse,lwyse6u@odnoklassniki.ru,Oslomej,71735 Clove Point
+62-355-650-4366,Gerik,Hundal,ghundal6v@mozilla.com,Gunungsari,25760 Charing Cross Court
+62-849-685-9122,Barry,Josifovic,bjosifovic6w@cbsnews.com,Ngedhubasa,77833 American Pass
+86-743-332-2248,Enid,Wall,ewall6x@icio.us,Shaliu,479 Fisk Road
+62-684-774-0682,Artemus,Goodbourn,agoodbourn6y@constantcontact.com,Melati,52 Spohn Trail
+86-185-307-5871,Elie,Thomas,ethomas6z@tamu.edu,Lantian,44659 Michigan Alley
+62-224-586-8656,Giacobo,Frickey,gfrickey70@gov.uk,Gununganyar,2 Jana Hill
+237-701-845-0042,Reeta,Vaadeland,rvaadeland71@cloudflare.com,Bélel,5047 Orin Point
+234-266-921-4986,Berty,Orhtmann,borhtmann72@msn.com,Bassa,27 Jenifer Circle
+1-237-273-5856,Lauren,Bucky,lbucky73@google.ru,Bassano,05 Chive Lane
+62-580-555-7122,Gregg,Cabell,gcabell74@quantcast.com,Weetombo,2 Canary Circle
+86-771-640-4234,Jacinta,Briars,jbriars75@wix.com,Huage,080 Coleman Place
+86-210-866-0432,Morie,Leacy,mleacy76@phpbb.com,Qingjiang,139 Namekagon Terrace
+48-321-331-6340,Marillin,Horsell,mhorsell77@woothemes.com,Konstantynów Łódzki,51781 Glacier Hill Point
+420-777-406-4886,Zebadiah,Akess,zakess78@nymag.com,Nové Strašecí,0 Claremont Avenue
+1-904-401-2837,Foss,Hazael,fhazael79@squidoo.com,Jacksonville,168 Hallows Parkway
+257-617-256-0402,Corrie,Beams,cbeams7a@hc360.com,Cankuzo,15914 Spohn Terrace
+380-970-555-9618,Edgar,Fetteplace,efetteplace7b@sitemeter.com,Kuchurhan,6 Maryland Park
+972-848-563-6390,Gaye,Pennazzi,gpennazzi7c@salon.com,Sakhnīn,3665 Rieder Court
+420-734-425-9275,Salomo,Durdy,sdurdy7d@cyberchimps.com,Zbraslavice,16579 David Pass
+44-739-627-4306,Boy,Zold,bzold7e@go.com,Whitchurch,527 Hoepker Road
+58-366-688-7204,Cookie,Roughey,croughey7f@com.com,Clarines,3 Dunning Terrace
+51-410-905-2938,Auroora,Vettore,avettore7g@sbwire.com,Paucarcolla,6 Atwood Hill
+351-883-667-1197,Braden,Vispo,bvispo7h@mozilla.org,Dafundo,1 Arkansas Parkway
+86-330-390-1458,Jaye,Scotsbrook,jscotsbrook7i@ustream.tv,Guandian,66659 Shopko Junction
+7-856-652-9858,Brion,Hender,bhender7j@ning.com,Kubachi,38 Iowa Avenue
+86-483-198-1956,Fraser,Rainer,frainer7k@studiopress.com,Nyagla,3489 Sunnyside Junction
+51-919-657-5723,Rosemonde,Pabel,rpabel7l@bbc.co.uk,Quiches,8079 Emmet Road
+374-984-611-6978,Gratia,Jochens,gjochens7m@sina.com.cn,Fantan,426 Comanche Terrace
+62-883-823-0626,Stormie,Stendell,sstendell7n@umich.edu,Waipare,0970 Summer Ridge Hill
+48-814-623-5034,Ebonee,Giacobilio,egiacobilio7o@shutterfly.com,Lubin,74209 Dwight Avenue
+380-455-214-2344,Horatia,Colchett,hcolchett7p@tripadvisor.com,Chemerivtsi,9711 Bellgrove Drive
+62-256-648-5344,Norri,Penning,npenning7q@hostgator.com,Kulonkali,0260 Roth Junction
+227-150-424-2177,Cam,Gathercole,cgathercole7r@salon.com,Matamey,63 Fallview Terrace
+86-579-282-7650,Cindelyn,Dongles,cdongles7s@forbes.com,Gubeikou,04 Dottie Plaza
+66-561-128-0792,Lurlene,Cadigan,lcadigan7t@senate.gov,Non Sung,1759 Linden Way
+46-180-433-5357,Muffin,Storkes,mstorkes7u@comsenz.com,Bagarmossen,832 Sunbrook Street
+55-305-301-9260,Ignacius,Gollard,igollard7v@imdb.com,Nova Odessa,05745 Lighthouse Bay Terrace
+86-991-878-1298,Paten,Hain,phain7w@biglobe.ne.jp,Jetaral,064 Loomis Crossing
+31-228-960-0065,Bryanty,Kittle,bkittle7x@etsy.com,Nieuwegein,95943 Dovetail Plaza
+55-675-857-3204,Stefa,Klimt,sklimt7y@intel.com,Socorro,40 Parkside Pass
+86-816-204-1987,Marsha,Swinerd,mswinerd7z@free.fr,Baise City,02247 Evergreen Center
+963-305-210-0825,Wilmar,Cleevely,wcleevely80@bloglines.com,Al Mazra‘ah,43 Comanche Trail
+86-347-893-8999,Bealle,Fruish,bfruish81@addthis.com,Beishan,1 North Road
+33-878-646-2697,Lek,Brosius,lbrosius82@bing.com,Laval,52 Mendota Road
+57-390-477-9397,Timofei,Rowet,trowet83@hostgator.com,Nariño,4761 Haas Court
+86-716-160-0206,Chrotoem,Gibbs,cgibbs84@ca.gov,Sanxi,4031 Oxford Trail
+62-568-199-2196,Alano,Laurenzi,alaurenzi85@phpbb.com,Bondoboghila,28605 Canary Pass
+54-440-138-6890,Roshelle,Lecky,rlecky86@i2i.jp,Embalse,18936 Victoria Parkway
+86-227-628-3033,Belia,McBryde,bmcbryde87@linkedin.com,Zhuji,590 Superior Junction
+62-954-408-8769,Geralda,Bearn,gbearn88@unblog.fr,Tigarunggu,654 Graceland Trail
+62-598-594-6724,Diena,Bourke,dbourke89@amazon.co.jp,Sambonggede,829 Stephen Road
+30-417-822-2877,Murray,Skillanders,mskillanders8a@dyndns.org,Khiliomódhi,775 4th Trail
+381-590-237-6776,Kimberlyn,Pidgley,kpidgley8b@accuweather.com,Priboj,942 Quincy Avenue
+81-395-110-3117,Blondie,Alder,balder8c@sogou.com,Daigo,8 Nobel Lane
+86-988-427-7442,Em,Tither,etither8d@baidu.com,Heqing,23 Helena Parkway
+62-570-555-4510,Brana,Dallinder,bdallinder8e@sciencedaily.com,Tuatuka,427 Lighthouse Bay Plaza
+49-808-648-2640,Ker,Halksworth,khalksworth8f@home.pl,München,513 Mifflin Place
+62-753-971-1985,Hazel,Ollerton,hollerton8g@posterous.com,Dampit,3736 Sage Avenue
+420-679-746-5129,Margarette,Fere,mfere8h@google.pl,Horní Jiřetín,14455 Westend Street
+48-401-362-9135,Anjela,Lawther,alawther8i@ask.com,Sosnówka,78810 Rockefeller Parkway
+55-324-416-5200,Harald,Joffe,hjoffe8j@house.gov,Pereira Barreto,60397 Pierstorff Parkway
+381-964-145-9846,Zaria,MacDonell,zmacdonell8k@printfriendly.com,Golubac,46663 Susan Road
+62-888-848-5362,Ashlen,Boarer,aboarer8l@wisc.edu,Pagedangan,23021 Bay Way
+380-105-278-9150,Jada,Ciccottini,jciccottini8m@ezinearticles.com,Slavuta,31014 Green Ridge Point
+7-792-361-1119,Atlanta,Amy,aamy8n@constantcontact.com,Pribrezhnyy,4 Beilfuss Road
+7-688-865-4336,Jorgan,Brookshaw,jbrookshaw8o@tripod.com,Volokonovka,8080 Dovetail Lane
+48-274-592-3537,Binnie,Hoff,bhoff8p@time.com,Łękawica,5 Myrtle Way
+591-783-702-0186,Dory,Wombwell,dwombwell8q@nydailynews.com,Yotala,2561 Iowa Drive
+86-365-863-4571,Montague,Caghan,mcaghan8r@is.gd,Naji,2398 Tennessee Center
+86-212-211-7586,Gareth,Livezey,glivezey8s@bloglines.com,Fengjiang,3356 Center Road
+86-685-427-1472,Feliks,Skunes,fskunes8t@soundcloud.com,Outing,3 Manley Plaza
+86-436-325-1740,Ezekiel,Matyushkin,ematyushkin8u@cnet.com,Tangjiapo,6 Acker Terrace
+63-402-733-3758,Clevey,Ferns,cferns8v@hubpages.com,Bombon,3 Independence Drive
+86-688-355-5804,Lucas,Stachini,lstachini8w@dailymotion.com,Dagur,596 Sherman Parkway
+420-109-803-3318,Oralie,Allder,oallder8x@ft.com,Příšovice,751 Talisman Hill
+86-153-793-4706,Florri,Westney,fwestney8y@cnbc.com,Yanghong,903 Di Loreto Court
+62-860-840-5821,Fielding,Zottoli,fzottoli8z@simplemachines.org,Kampungmasjid,4889 Katie Street
+86-524-653-8065,Alfie,De Domenici,adedomenici90@dot.gov,Hongshi,84 Mifflin Parkway
+62-799-221-4434,Shell,Khristoforov,skhristoforov91@multiply.com,Puteran Kidul,8 Butterfield Road
+7-784-753-3762,Dalenna,Tregidgo,dtregidgo92@w3.org,Novogireyevo,132 Chinook Way
+86-638-255-6222,Cassandry,Dibbin,cdibbin93@woothemes.com,Sunjia,70896 Stuart Pass
+7-563-524-0454,Vassili,Mackison,vmackison94@cbslocal.com,Novozybkov,1163 Northfield Alley
+63-731-754-7750,Kasey,Lehrle,klehrle95@washington.edu,Cabangan,3 Debs Street
+86-918-990-7322,Blake,Clackers,bclackers96@yolasite.com,Shaba Zhen,2 Hoepker Parkway
+353-591-657-6402,Nancy,Able,nable97@google.fr,Foxrock,35 Del Sol Park
+55-990-280-1238,Roz,Aiers,raiers98@mozilla.com,Esperança,2302 Melrose Drive
+48-538-475-5986,Trumann,Igounet,tigounet99@reddit.com,Sulbiny Górne,04 Northridge Pass
+47-128-367-3969,Clarine,De Zamudio,cdezamudio9a@ifeng.com,Trondheim,08579 Rieder Drive
+976-773-296-3852,Kathy,Tran,ktran9b@google.co.uk,Höshigiyn-Ar,3747 Lawn Trail
+62-437-509-8558,Judie,Kaas,jkaas9c@nydailynews.com,Cikotok,8233 Kingsford Alley
+33-603-667-2246,Robinette,Whopples,rwhopples9d@canalblog.com,Angoulême,0 Cascade Terrace
+48-444-372-0879,Tomaso,Enderle,tenderle9e@npr.org,Wierzchowo,03 Pond Point
+86-535-412-3328,Darill,Wildish,dwildish9f@nsw.gov.au,Erdao,7 Lakewood Gardens Park
+86-997-919-7677,Kaleena,Bealton,kbealton9g@sphinn.com,Xiliu,1532 Karstens Parkway
+7-888-730-1742,Lorita,Easom,leasom9h@utexas.edu,Spitsevka,203 Buena Vista Park
+970-756-175-4712,Floria,Swinburn,fswinburn9i@netlog.com,Khān Yūnis,97179 Tennyson Trail
+86-586-158-8476,Gerrie,Trillo,gtrillo9j@house.gov,Fu’an,5150 Forest Place
+86-143-420-9009,Richy,Forson,rforson9k@dot.gov,Beiqijia,09 Warbler Point
+54-949-393-1538,Jackelyn,Oty,joty9l@tripadvisor.com,Bahía Blanca,54886 Marcy Alley
+351-628-669-4537,Kaylil,Shankster,kshankster9m@bravesites.com,Mourelos,9934 Old Gate Court
+63-346-776-5976,Rachel,Antonomolii,rantonomolii9n@nytimes.com,Caraga,6 Walton Pass
+380-796-291-6652,Don,Teesdale,dteesdale9o@wp.com,Hadyach,26 Loomis Pass
+54-174-550-8560,Cammy,MacShirrie,cmacshirrie9p@qq.com,Río Grande,0358 Graceland Road
+86-441-134-1165,Penny,Chawner,pchawner9q@fotki.com,Yongxing,1 Bartelt Terrace
+53-976-161-1635,Lorene,Darbishire,ldarbishire9r@jalbum.net,Chambas,85 Quincy Crossing
+62-509-526-0859,Josh,Hinkins,jhinkins9s@tmall.com,Kadubincarung,75684 Lindbergh Parkway
+30-664-221-1107,Rickie,Elcomb,relcomb9t@techcrunch.com,Agkathiá,633 Anderson Way
+86-435-578-9527,Fiorenze,Domenico,fdomenico9u@usnews.com,Qijiawan,8212 Superior Alley
+86-155-400-9207,Jacky,Edgecombe,jedgecombe9v@skyrock.com,Dabao,1787 Brentwood Lane
+380-326-876-3933,Garik,Bleakley,gbleakley9w@pen.io,Budy,832 Larry Crossing
+86-245-683-6505,Allie,Georgeon,ageorgeon9x@nbcnews.com,Longtanhe,1 Arrowood Circle
+58-804-504-0029,Kalvin,Foulcher,kfoulcher9y@godaddy.com,Yaguaraparo,4267 La Follette Point
+62-767-344-2561,Trev,Passby,tpassby9z@ow.ly,Banyumas,31123 Oriole Plaza
+86-242-757-8211,Emmott,MacAlaster,emacalastera0@blinklist.com,Zhaitou,571 Debs Park
+98-512-863-4141,Addie,Marikhin,amarikhina1@163.com,Ābyek,12707 Melrose Lane
+55-130-304-7024,Marja,Haselden,mhaseldena2@cornell.edu,Muriaé,554 2nd Trail
+420-524-375-9236,Elvin,Eldon,eeldona3@harvard.edu,Nezvěstice,82418 Grasskamp Alley
+39-954-500-2931,Kristofor,Clery,kclerya4@4shared.com,Messina,2443 Mcbride Center
+66-167-952-8408,Christen,Denny,cdennya5@discovery.com,Chatturat,3 Golf Course Drive
+86-833-952-5133,Daisie,Le Floch,dleflocha6@vistaprint.com,Xiaomenjia,22083 Valley Edge Junction
+7-535-151-5667,Alicia,Rutt,arutta7@myspace.com,Beloye,8 Stuart Way
+269-782-457-2158,Sinclare,Towsey,stowseya8@craigslist.org,Ouani,89 Victoria Center
+86-995-601-8192,Mozelle,Erricker,merrickera9@vinaora.com,Guantun,7 Clove Way
+380-299-801-7358,Pearle,Lahiff,plahiffaa@dagondesign.com,Kostryzhivka,99 Vernon Drive
+62-359-163-6120,Sandor,Shippam,sshippamab@nydailynews.com,Wonokromo,1 Sunfield Hill
+63-983-920-7782,Glynda,Clifforth,gclifforthac@youtu.be,Patria,69207 Northridge Pass
+62-143-807-4034,Cristy,Wornham,cwornhamad@phpbb.com,Karanganyar,565 Merrick Road
+62-619-245-8806,Pyotr,Rushbury,prushburyae@google.ru,Lamawalang,4438 Judy Trail
+33-954-919-8899,Kirbie,Borland,kborlandaf@jigsy.com,Paris 09,426 Carberry Plaza
+63-135-286-0550,Maddalena,Stenners,mstennersag@histats.com,Dalumangcob,86 Westport Street
+86-667-709-0379,Joli,Penney,jpenneyah@discuz.net,Jiangzhou,8 Orin Junction
+62-718-836-7383,Tamiko,Heinsh,theinshai@xing.com,Turus,0 Graedel Street
+420-357-457-3181,Torie,Origin,toriginaj@dell.com,Staré Město,5092 Paget Junction
+1-629-405-0317,Dyanna,Rudsdell,drudsdellak@webmd.com,Stoney Ground,1337 Walton Drive
+1-705-568-4479,Nelie,Kernley,nkernleyal@miibeian.gov.cn,Coaticook,48129 Barnett Circle
+351-351-920-5686,Latia,Edelheit,ledelheitam@clickbank.net,Balazar,07627 Oak Pass
+63-819-572-4470,Melitta,Croysdale,mcroysdalean@nationalgeographic.com,Ibabang Tayuman,62860 Clove Lane
+60-525-973-5488,Bobbie,McKelvey,bmckelveyao@miibeian.gov.cn,Kota Bharu,35603 Division Parkway
+63-143-462-8760,Gun,Lynn,glynnap@wired.com,Dinaig,5562 Roxbury Pass
+7-342-694-8979,Parker,Edelheid,pedelheidaq@foxnews.com,Tsimlyansk,03 Mitchell Street
+977-506-479-5315,Marion,Harriott,mharriottar@indiatimes.com,Birendranagar,2869 Union Crossing
+86-535-530-8312,Jeno,Juara,jjuaraas@google.nl,Guanghai,7916 Ridgeway Street
+51-520-884-9240,Benni,Pinar,bpinarat@devhub.com,Piura,27 Blaine Center
+7-629-359-4562,Lee,Binder,lbinderau@walmart.com,Sarmanovo,59116 Forest Run Hill
+86-228-135-2661,Celle,Bondar,cbondarav@answers.com,Huilong,12119 Elmside Drive
+62-609-898-0705,Jenilee,Imbrey,jimbreyaw@redcross.org,Raksajaya,6207 Heffernan Terrace
+86-662-643-7819,Thornton,Regan,treganax@hexun.com,Longgang,273 Colorado Parkway
+387-800-446-1661,Sara-ann,Capron,scapronay@vimeo.com,Bosanski Brod,4 Norway Maple Lane
+55-465-442-7883,Caron,Amies,camiesaz@tripod.com,Novo Cruzeiro,91 Ridgeway Alley
+36-247-375-8254,Lissy,Heifer,lheiferb0@geocities.jp,Nagykanizsa,4 Loeprich Place
+62-891-662-4347,Lishe,Veare,lveareb1@theguardian.com,Tualeu,373 Waxwing Circle
+86-835-695-4859,Jobey,Perazzo,jperazzob2@state.gov,Xinxu,0 Chinook Hill
+62-146-505-7182,Guillaume,Found,gfoundb3@google.es,Timurlorong,608 Badeau Alley
+420-567-685-5736,Dean,Yeomans,dyeomansb4@slashdot.org,Újezd,419 Clemons Junction
+81-645-522-6052,Angelico,McGrotty,amcgrottyb5@tinypic.com,Takehara,93626 Elka Way
+86-462-347-3435,Bertie,Barrington,bbarringtonb6@japanpost.jp,Xinshancun,9 Thierer Road
+54-505-577-8624,Stan,Kollaschek,skollaschekb7@tinyurl.com,Apóstoles,78 Superior Point
+976-452-698-0918,Noni,Reskelly,nreskellyb8@prnewswire.com,Murun-kuren,6794 Artisan Way
+86-970-705-9674,Laurie,Priestnall,lpriestnallb9@princeton.edu,Dahe,5145 Portage Avenue
+850-129-152-4558,Breena,Comello,bcomelloba@nsw.gov.au,Aoji-ri,3 Pennsylvania Circle
+63-643-590-5863,Nike,Trevor,ntrevorbb@miitbeian.gov.cn,Panay,75603 Tomscot Street
+502-173-749-0614,Nil,Michallat,nmichallatbc@sakura.ne.jp,La Gomera,983 Kensington Avenue
+58-312-755-5476,Eldredge,Manilove,emanilovebd@jalbum.net,Delicias,198 Twin Pines Lane
+62-511-207-2687,Pavla,Matcham,pmatchambe@dailymail.co.uk,Banjar Dukuh,11960 Summer Ridge Avenue
+49-206-297-8042,Elia,Kesby,ekesbybf@list-manage.com,München,3 Sunfield Plaza
+509-327-266-1340,Susana,Carnell,scarnellbg@networksolutions.com,Caracol,7 Shopko Crossing
+63-495-826-7662,Harris,Biddulph,hbiddulphbh@cnbc.com,Antipolo,190 Dwight Street
+30-488-772-6311,Abbe,Von Hindenburg,avonhindenburgbi@zdnet.com,Thessaloníki,64 Hoepker Pass
+7-703-406-8710,Rahel,Imlock,rimlockbj@surveymonkey.com,Surazh,9 Dryden Avenue
+62-798-177-0124,Evangelin,Tremaine,etremainebk@canalblog.com,Suruhan,0712 Sachs Place
+63-472-426-1488,Bendicty,Shasnan,bshasnanbl@is.gd,Patayac,85247 Gale Pass
+63-114-310-5988,Cathie,Tudgay,ctudgaybm@scribd.com,Magsaysay,05 Graceland Place
+62-620-974-3173,Cristin,Velasquez,cvelasquezbn@tamu.edu,Sananrejo,71901 Vahlen Park
+62-543-813-9406,Chery,Barkess,cbarkessbo@ted.com,Ciseda,860 Annamark Avenue
+47-857-182-8964,Gayla,Durrell,gdurrellbp@usda.gov,Grimstad,410 Westport Parkway
+1-912-647-4701,Griz,Gaskins,ggaskinsbq@va.gov,Savannah,598 Hovde Road
+33-133-754-6894,Reagen,Meldon,rmeldonbr@accuweather.com,Goussainville,14 Basil Terrace
+7-950-255-2939,Irina,Ewbanck,iewbanckbs@adobe.com,Spas-Zaulok,81 Delaware Avenue
+86-278-230-2287,Isacco,Conrath,iconrathbt@archive.org,Shangshuai,93 Northridge Terrace
+33-847-535-0191,Madelene,Servant,mservantbu@nyu.edu,Toulouse,4393 Ridge Oak Lane
+63-852-255-1962,Lancelot,Branchett,lbranchettbv@gizmodo.com,Bunawan,50300 Rutledge Plaza
+30-405-170-2094,Purcell,Fryett,pfryettbw@jigsy.com,Rodópoli,8204 Esch Place
+420-730-845-9565,Alec,Hordle,ahordlebx@hugedomains.com,Častolovice,5520 Coleman Lane
+86-694-278-4016,Dedra,Borel,dborelby@goo.ne.jp,Huanglian,45395 Clyde Gallagher Junction
+86-972-116-6477,Shannon,Buye,sbuyebz@omniture.com,Fenshui,6 Forster Lane
+86-134-408-6973,Jules,Greedy,jgreedyc0@dot.gov,Changtang,57573 Luster Pass
+46-177-261-1881,Raychel,Nelm,rnelmc1@yale.edu,Strömstad,2 Boyd Court
+503-615-483-3252,Randy,Binham,rbinhamc2@amazon.com,Intipucá,584 Hovde Plaza
+86-383-156-7307,Harry,Dougharty,hdoughartyc3@eventbrite.com,Shuishiying,892 Arapahoe Parkway
+353-573-278-8827,Woodrow,Barnewall,wbarnewallc4@yolasite.com,Kilkenny,064 Rockefeller Parkway
+86-986-990-2667,Lionello,Luscott,lluscottc5@chicagotribune.com,Gaojimiao,0 Crescent Oaks Trail
+66-673-220-6298,Mohammed,Deveral,mdeveralc6@virginia.edu,Rattanaburi,7355 Springs Hill
+351-656-361-0451,Aymer,Ivanichev,aivanichevc7@soup.io,Almeirim,6 Reindahl Plaza
+62-656-233-6613,Ewan,Gilli,egillic8@geocities.jp,Serang,22 Hollow Ridge Court
+351-922-963-5256,Fanni,Duell,fduellc9@mac.com,Póvoa,2809 Hazelcrest Way
+86-543-765-8091,Onofredo,Leere,oleereca@lycos.com,Hujiagou,756 Manitowish Way
+62-804-518-6034,Margie,Grabham,mgrabhamcb@bloglines.com,Ngembel,6 Mesta Way
+54-132-364-9967,Traci,Cowen,tcowencc@privacy.gov.au,Los Juríes,38255 Sunbrook Crossing
+964-767-657-0773,Rafaelia,Rosini,rrosinicd@reverbnation.com,Balad,92593 Jana Junction
+371-295-332-9552,Lulu,Woolstenholmes,lwoolstenholmesce@pbs.org,Zilupe,15171 Jackson Point
+53-441-403-2127,Aaren,MacCaughen,amaccaughencf@time.com,Caibarién,8 Pankratz Way
+1-922-707-9179,Marlena,Ellins,mellinscg@wsj.com,Saint-Rémi,7 Pankratz Alley
+53-485-657-0372,Kara-lynn,Stuchbery,kstuchberych@yellowpages.com,Bayamo,564 Fairview Court
+504-603-959-5582,Lezlie,Christoffels,lchristoffelsci@networksolutions.com,Quebradas,5191 5th Court
+86-185-849-4570,Barnebas,Karlqvist,bkarlqvistcj@army.mil,Qixian,7 Dawn Way
+692-243-602-0906,Dotti,Holbarrow,dholbarrowck@ibm.com,Loen,671 Magdeline Alley
+86-736-266-0379,Ramona,Scard,rscardcl@oakley.com,Longxian Chengguanzhen,71262 Marquette Drive
+86-128-311-3559,Ely,McAlpin,emcalpincm@huffingtonpost.com,Sandao,65353 Golf Circle
+39-638-892-3055,Lynn,Craythorn,lcraythorncn@phoca.cz,Bergamo,5 Morningstar Center
+226-273-355-9140,Durand,Schmidt,dschmidtco@netlog.com,Fada N'gourma,4 Northview Lane
+7-556-227-0035,Abelard,Seamans,aseamanscp@github.io,Ridder,4957 Farmco Pass
+63-971-744-9452,Bea,Maund,bmaundcq@sphinn.com,Dayapan,44844 Service Parkway
+62-271-294-8282,Lizzy,Sabie,lsabiecr@wordpress.org,Cerme Kidul,94 Becker Street
+63-831-878-1922,Jourdain,Rossbrooke,jrossbrookecs@dropbox.com,Cuevas,1556 Bartelt Alley
+51-334-828-2630,Ali,Waldocke,awaldockect@about.com,El Tambo,144 Evergreen Court
+55-204-527-0747,Mikey,Whitehurst,mwhitehurstcu@amazon.com,Inhambupe,45 Shopko Pass
+48-480-672-1468,Issie,Dudmarsh,idudmarshcv@skyrock.com,Kowale,175 Springs Road
+46-304-275-1722,Anjanette,Guerin,aguerincw@princeton.edu,Huddinge,14997 Del Sol Place
+48-793-914-6096,Freeland,Bissex,fbissexcx@taobao.com,Józefów,6191 Debs Court
+63-991-690-2043,Cirilo,Gally,cgallycy@bbc.co.uk,Agoo,2 Fairview Parkway
+62-949-446-2844,Philly,Raft,praftcz@arizona.edu,Sendung,4 Bonner Place
+86-202-210-4289,Myca,Farryn,mfarrynd0@arizona.edu,Nankou,4 Paget Avenue
+30-423-649-2912,Morie,Bilbery,mbilberyd1@cafepress.com,Saronída,20 Prairie Rose Circle
+1-310-324-0291,Nev,Moulder,nmoulderd2@washingtonpost.com,Torrance,3 Badeau Drive
+86-122-764-2062,Madge,McIndoe,mmcindoed3@istockphoto.com,Longquan,5 Dovetail Plaza
+1-440-557-1230,Venita,Marchenko,vmarchenkod4@ocn.ne.jp,Runaway Bay,60642 Fairview Avenue
+63-858-688-8394,Morgen,Dockery,mdockeryd5@sitemeter.com,Tocok,57 Dunning Drive
+86-911-164-8679,Kalvin,Millward,kmillwardd6@mozilla.com,Chengjiao,9 Northridge Way
+48-335-355-0732,Shawn,Skull,sskulld7@guardian.co.uk,Knyszyn,715 Lake View Alley
+62-901-633-4449,Sig,Schlag,sschlagd8@nytimes.com,Labansari,464 Corry Street
+420-523-151-5913,Rriocard,Pooke,rpooked9@ifeng.com,Žitenice,519 Thackeray Park
+81-236-472-5228,Anya,Varfalameev,avarfalameevda@icq.com,Tokushima-shi,5005 Bowman Circle
+86-614-124-3936,Kandy,Freschi,kfreschidb@yandex.ru,Fengniancun,54506 Fisk Court
+55-904-151-6243,Bartholomeo,Burroughes,bburroughesdc@eepurl.com,Barreiras,3420 Commercial Terrace
+260-119-995-5646,Cristy,Bonnor,cbonnordd@home.pl,Mkushi,84 Main Parkway
+63-103-906-5592,Abrahan,Althorp,aalthorpde@uiuc.edu,Buenavista,1 Randy Circle
+84-941-526-9296,Hayward,Mavin,hmavindf@irs.gov,Trà Ôn,214 Melrose Crossing
+1-479-567-7443,Stavro,Whittam,swhittamdg@google.es,Castle Bruce,0724 School Point
+86-799-115-2490,Pattie,Lindsey,plindseydh@pagesperso-orange.fr,Guishan,034 Corben Pass
+62-690-992-4928,Nikolia,Shaddock,nshaddockdi@psu.edu,Payaman,60 8th Plaza
+62-668-897-1607,Gamaliel,Fominov,gfominovdj@yolasite.com,Peranap,53 Stephen Trail
+963-639-767-0110,Tandy,Keelin,tkeelindk@paypal.com,Nawá,60 Basil Junction
+374-637-924-6864,Camala,Cains,ccainsdl@wiley.com,Mets Parni,43 Bonner Trail
+7-266-908-8291,Helge,Boatright,hboatrightdm@bloglines.com,Kostomuksha,140 Butternut Drive
+33-782-956-1716,Vittoria,Lindelof,vlindelofdn@photobucket.com,Aulnay-sous-Bois,3829 Butternut Avenue
+51-907-949-0780,Alia,Durbann,adurbanndo@ucsd.edu,Chalcos,522 Kropf Way
+93-649-811-8894,Standford,Giuron,sgiurondp@sfgate.com,Nahrīn,81 Texas Drive
+967-724-585-3569,Cilka,Cherm,cchermdq@amazon.com,Qaryat al Qābil,23 Leroy Pass
+62-607-383-4455,Bunni,McLewd,bmclewddr@opensource.org,Simpang,931 Center Point
+47-160-530-5943,Allix,Cornwell,acornwellds@4shared.com,Kongsvinger,983 Melody Park
+86-385-398-4252,Leoine,MacGuffog,lmacguffogdt@fema.gov,Tunggar,2 Russell Crossing
+86-748-424-7359,Alice,Leif,aleifdu@google.co.jp,Woshui,59 Carey Crossing
+351-899-662-8775,Hurlee,Kempton,hkemptondv@salon.com,Mouriscas,0 Prairieview Terrace
+20-821-591-2072,Corliss,Kobierski,ckobierskidw@ft.com,Kousa,20066 Almo Pass
+7-737-753-7777,Andris,Claypole,aclaypoledx@163.com,Sokol’niki,98 Rowland Junction
+62-695-617-8079,Delmer,Colliber,dcolliberdy@harvard.edu,Sukakerta,2272 Laurel Street
+86-953-973-6969,Debby,Lindro,dlindrodz@ebay.com,Linjiang,17 Declaration Drive
+86-746-277-1135,Torrance,McGoldrick,tmcgoldricke0@archive.org,Wangbuzhuang,2 Ridgeway Way
+7-378-188-0521,Shawnee,Salzen,ssalzene1@ox.ac.uk,Serpukhov,28 Nevada Terrace
+46-202-452-5548,Blaine,Gresty,bgrestye2@live.com,Skogås,81 Tony Center
+63-389-238-2824,Merrel,McGarvey,mmcgarveye3@goodreads.com,Sabang,84 Miller Pass
+62-412-217-3220,Gibby,Grushin,ggrushine4@sfgate.com,Sumberdadi,375 Kenwood Place
+86-606-666-3661,Roderic,Bosma,rbosmae5@google.com.hk,Ganquan,296 Armistice Hill
+33-160-719-9357,Yolanthe,Doneld,ydonelde6@kickstarter.com,Charleville-Mézières,3 Carpenter Hill
+63-644-926-1923,Harmon,Melin,hmeline7@wordpress.org,Mauhao,08179 Oxford Hill
+86-433-789-9954,Antone,Halstead,ahalsteade8@go.com,Xiangyangpu,0 Dennis Hill
+86-161-591-5205,Sonnie,Crinage,scrinagee9@google.es,Huoli,506 7th Street
+355-409-531-1643,Mason,Camies,mcamiesea@samsung.com,Rrapë,45 Milwaukee Terrace
+86-749-775-6163,Crawford,Geram,cgerameb@senate.gov,Yanguan,88986 Ridgeway Terrace
+47-585-736-2190,Celia,Lealle,clealleec@4shared.com,Arendal,772 Twin Pines Circle
+234-670-719-6135,Charmian,Crisell,ccriselled@wisc.edu,Batsari,47428 Tennyson Junction
+81-649-586-7169,Tulley,Sember,tsemberee@google.com.au,Odawara,558 Longview Avenue
+351-647-906-0575,Corrie,Charpling,ccharplingef@amazon.com,Odemira,259 Hazelcrest Circle
+1-609-818-8916,Feliks,Bison,fbisoneg@paginegialle.it,Trenton,0247 Springview Alley
+86-294-874-7813,Carri,Wolton,cwoltoneh@ft.com,Guli,4295 Pennsylvania Drive
+63-979-324-4697,Hugo,Matzel,hmatzelei@nydailynews.com,Quipot,647 Golf Circle
+86-633-117-3128,Nikaniki,Layus,nlayusej@statcounter.com,Bailingnao,04945 Chive Road
+62-751-696-5680,Del,Dimitrie,ddimitrieek@4shared.com,Uwa,4 Gale Lane
+7-750-536-7843,Zackariah,Losseljong,zlosseljongel@nhs.uk,Kupino,8 Mandrake Place
+86-996-791-3368,Renata,Kivits,rkivitsem@slate.com,Bei’an,2984 Bunting Trail
+66-820-559-7877,Brena,Biggerstaff,bbiggerstaffen@businesswire.com,Phra Khanong,48386 Mariners Cove Park
+86-645-609-0954,Devina,Janicek,djanicekeo@icio.us,Xingang,6623 Hudson Road
+66-734-977-8040,Patrick,Boyall,pboyallep@mashable.com,Hat Yai,549 Northridge Parkway
+62-400-684-2133,Velvet,Bartkiewicz,vbartkiewiczeq@oracle.com,Batugede Kulon,13 7th Parkway
+86-107-731-9962,Steward,Averay,saverayer@is.gd,Jiufang,6 Delaware Alley
+7-284-524-3964,Norton,Towsey,ntowseyes@printfriendly.com,Yermolino,692 Clyde Gallagher Trail
+34-427-970-9023,Fairfax,MacArthur,fmacarthuret@smh.com.au,Madrid,7 Meadow Valley Road
+420-533-608-0607,Elaine,Micklewicz,emicklewiczeu@google.fr,Rajhradice,5804 Dunning Lane
+48-135-782-9114,Astrid,Cobson,acobsonev@cmu.edu,Gąsocin,02513 Union Point
+233-989-673-8502,Quinton,Snedden,qsneddenew@printfriendly.com,Cape Coast,97355 Crescent Oaks Crossing
+1-604-913-3275,Siobhan,Hadye,shadyeex@domainmarket.com,Chilliwack,55550 Troy Street
+48-204-357-7859,Rafaelia,Longstreeth,rlongstreethey@nymag.com,Barcin,1872 Novick Terrace
+1-558-683-1128,Oralla,Judkin,ojudkinez@cornell.edu,Castle Bruce,349 Pearson Street
+221-293-124-3811,Roman,Doghartie,rdoghartief0@deliciousdays.com,Mbaké,9 Park Meadow Lane
+63-481-684-2701,Fredrika,Strange,fstrangef1@flavors.me,Lianga,9 5th Plaza
+212-392-436-1184,Keir,Estoile,kestoilef2@webnode.com,Sidi Yahya Ou Saad,8 Vera Hill
+55-481-544-4757,Gene,Birtley,gbirtleyf3@google.co.jp,Itacorubi,4 Hintze Center
+359-315-973-7010,Maje,Tolcher,mtolcherf4@over-blog.com,Asenovgrad,16 Haas Way
+46-671-342-3064,Sarene,Bealing,sbealingf5@eventbrite.com,Knivsta,4502 Center Pass
+46-427-977-6549,Dre,Thring,dthringf6@marketwatch.com,Uppsala,35815 Helena Court
+63-526-862-1854,Lothario,Conyer,lconyerf7@google.com.hk,Tudela,07311 Bultman Avenue
+1-619-766-2352,Freemon,Towle,ftowlef8@scientificamerican.com,Sherbrooke,7 6th Court
+48-781-107-9105,Avis,Merricks,amerricksf9@google.it,Nowosielce,55 Bowman Park
+375-245-811-9226,Judith,Stryde,jstrydefa@booking.com,Davyd-Haradok,34327 Heath Crossing
+7-861-808-0535,Vincent,Pollak,vpollakfb@tinyurl.com,Shalakusha,1376 Londonderry Lane
+48-852-923-6357,Grier,Adger,gadgerfc@narod.ru,Błędów,0169 Russell Pass
+86-152-585-5549,Xylina,De la Yglesia,xdelayglesiafd@soup.io,Anyuan,54375 Lakewood Alley
+86-653-650-1662,Sanford,Salmoni,ssalmonife@nba.com,Weixing,45 Canary Crossing
+86-772-955-3332,Vladimir,Adlam,vadlamff@salon.com,Daiyue,8 Cascade Trail
+7-226-694-2763,Warden,Kenson,wkensonfg@tinyurl.com,Volzhsk,109 Mesta Plaza
+970-811-288-9655,Isadora,Chaffyn,ichaffynfh@wunderground.com,Qaţanah,179 Lien Alley
+52-631-940-3289,Stephan,Langlands,slanglandsfi@ox.ac.uk,La Joya,682 Elmside Hill
+63-428-486-6884,Kaitlynn,Poynzer,kpoynzerfj@quantcast.com,Manolo Fortich,8 Coolidge Plaza
+47-727-458-1680,Dulcinea,Luquet,dluquetfk@ameblo.jp,Horten,419 Steensland Avenue
+420-177-894-1343,Alexio,Southeran,asoutheranfl@barnesandnoble.com,Holýšov,05 Delladonna Pass
+86-443-968-6376,Anny,Nevins,anevinsfm@netvibes.com,Kaoshan,7 Ohio Court
+62-153-680-7088,Corrianne,Cantle,ccantlefn@gov.uk,Rangah,15 Iowa Circle
+54-347-169-5406,Budd,Reyes,breyesfo@google.it,Zapala,7 Melvin Way
+7-962-842-5395,Charin,Suero,csuerofp@bing.com,Lesogorsk,740 New Castle Pass
+84-817-127-4229,Candice,Cowdray,ccowdrayfq@yellowbook.com,Hữu Lũng,89 Cottonwood Hill
+55-855-378-2162,Lurette,Surgood,lsurgoodfr@gravatar.com,Afogados da Ingazeira,58812 Quincy Alley
+93-806-864-8250,Dannie,Kemp,dkempfs@w3.org,Kunduz,890 Tony Junction
+48-482-775-2892,Selestina,Defau,sdefauft@1688.com,Ząbkowice Śląskie,9938 Golden Leaf Crossing
+33-933-997-2531,Garik,Handrik,ghandrikfu@tinypic.com,Paris La Défense,488 Huxley Court
+7-569-441-8128,Alisander,Yewdale,ayewdalefv@guardian.co.uk,Kiyevskoye,8877 Rigney Trail
+82-228-105-5223,Binky,Roots,brootsfw@chicagotribune.com,Incheon,82 Mendota Hill
+351-837-819-1760,Josefina,Toffetto,jtoffettofx@pbs.org,Tojal,4 Ryan Circle
+353-770-468-0220,Gilbert,McAlroy,gmcalroyfy@telegraph.co.uk,Belmullet,28963 Buell Parkway
+86-516-814-4885,Hagan,Gomersal,hgomersalfz@army.mil,Dunhua,1287 Butternut Center
+62-651-597-0647,Mack,Rance,mranceg0@theglobeandmail.com,Daleman,51675 Hazelcrest Court
+48-843-778-0241,Ulberto,Vassall,uvassallg1@cdc.gov,Wesoła,57912 Mallory Point
+33-857-911-8281,Gaelan,Garrioch,ggarriochg2@ameblo.jp,Le Mans,9 Kim Court
+62-736-414-0696,Zia,Bezant,zbezantg3@imgur.com,Winduraja,808 Oak Valley Pass
+54-541-480-0582,Janaye,Dunphy,jdunphyg4@state.tx.us,Cipolletti,1464 Vahlen Way
+7-302-777-6271,Silvano,Coushe,scousheg5@ed.gov,Uglyanets,0 Farmco Pass
+55-506-689-6673,Boote,Balnaves,bbalnavesg6@etsy.com,Passa Quatro,27787 Armistice Trail
+86-492-401-5467,Claire,Lodge,clodgeg7@deliciousdays.com,Shucheng Chengguanzhen,40135 Holy Cross Hill
+44-631-458-3861,Aura,Dene,adeneg8@tripadvisor.com,Laxey,13292 Acker Park
+260-204-938-5215,Tobye,Archbald,tarchbaldg9@unc.edu,Mpulungu,827 Utah Lane
+98-696-975-7406,Lenora,Cabena,lcabenaga@columbia.edu,Sarakhs,46809 Armistice Parkway
+689-944-612-0421,Ada,Wilford,awilfordgb@businesswire.com,Otutara,65471 8th Alley
+692-723-139-4769,Conrade,Driffill,cdriffillgc@disqus.com,Airuk,5 Milwaukee Parkway
+972-931-537-8149,Sibeal,Ysson,syssongd@accuweather.com,Rumat Heib,92288 Magdeline Court
+976-941-222-1152,Micheline,Tibbs,mtibbsge@surveymonkey.com,Bulgan,2107 Main Avenue
+63-335-717-9772,Cristie,Larcombe,clarcombegf@com.com,Tairan Camp,9 Delladonna Road
+86-412-970-3694,Dacey,Joffe,djoffegg@squarespace.com,Ying’ebu,2526 Graceland Parkway
+33-690-299-3648,Torr,Uttridge,tuttridgegh@people.com.cn,Puteaux,00 Old Gate Way
+58-138-632-7029,Dre,Croley,dcroleygi@census.gov,Cúa,02731 Main Center
+86-925-929-1180,Wren,Leyborne,wleybornegj@vimeo.com,Xialiao,9842 Forster Alley
+92-604-987-9760,Raphaela,Fieldsend,rfieldsendgk@bandcamp.com,Qādirpur Rān,07 Evergreen Point
+33-474-874-1821,Carlina,Maun,cmaungl@ucsd.edu,Mâcon,880 Waxwing Park
+504-203-429-1509,Terrell,Huckabe,thuckabegm@ucoz.ru,Texíguat,53 Grayhawk Avenue
+63-938-426-0122,Cornie,Skate,cskategn@mashable.com,Dado,93236 Scott Point
+57-458-204-4600,Calli,Playdon,cplaydongo@wordpress.com,Buesaco,5 Buena Vista Center
+55-227-828-3105,Valma,Chaim,vchaimgp@bbc.co.uk,Martinópolis,2756 Johnson Circle
+7-171-511-3542,Jyoti,Earwaker,jearwakergq@sohu.com,Khadyzhensk,7 Di Loreto Junction
+33-527-749-2814,Ninnette,Gwillim,ngwillimgr@acquirethisname.com,Versailles,33542 Ramsey Drive
+49-122-466-3768,Isador,Lownie,ilowniegs@imdb.com,Bonn,673 Rigney Junction
+33-611-732-3704,Edmon,Ettritch,eettritchgt@loc.gov,Altkirch,6 Talisman Lane
+46-683-530-7686,Munmro,Owain,mowaingu@naver.com,Vikbolandet,55 Hooker Junction
+62-817-489-3495,Timothee,Doole,tdoolegv@virginia.edu,Cijoho,323 Pearson Place
+7-772-721-6844,Cary,Dandy,cdandygw@fastcompany.com,Uk,1 Heffernan Trail
+86-817-365-9464,Krystalle,Dun,kdungx@about.me,Tewulike,479 Park Meadow Place
+63-760-270-0141,Jodi,Ellum,jellumgy@twitpic.com,Platagata,98089 Mandrake Park
+86-330-412-1308,Florinda,Speechley,fspeechleygz@gov.uk,Changtan,5848 Cordelia Plaza
+92-174-914-2342,Kissee,Marshman,kmarshmanh0@netlog.com,Pahārpur,6914 Arkansas Avenue
+66-299-229-1989,Zebulen,Tillot,ztilloth1@gmpg.org,Kui Buri,68987 Nancy Circle
+351-769-357-6073,Hastie,Arent,harenth2@nih.gov,Vale de Vila,02006 Mariners Cove Center
+7-298-580-4139,Estel,Musson,emussonh3@creativecommons.org,Pshada,4 Kensington Alley
+30-319-725-5547,Corty,Claye,cclayeh4@chicagotribune.com,Mesiméri,7 Forest Dale Place
+1-786-659-5293,Jerald,Skipworth,jskipworthh5@jiathis.com,Biggar,743 Kinsman Terrace
+351-483-231-2589,Jethro,Castelot,jcasteloth6@harvard.edu,Lau,547 Macpherson Pass
+55-477-453-7414,Alison,Dobbs,adobbsh7@yellowbook.com,Rio Novo do Sul,7114 Glacier Hill Pass
+351-106-457-6018,Arlinda,Markussen,amarkussenh8@sbwire.com,Freiria,408 Northwestern Park
+58-992-310-5319,Edith,McGeachy,emcgeachyh9@seesaa.net,Mariara,57418 5th Park
+33-880-413-3338,Ossie,Organer,oorganerha@icio.us,Tarbes,4 American Avenue
+86-461-901-2063,Avril,Wixey,awixeyhb@lycos.com,Herong,923 Michigan Way
+385-818-354-5231,Francoise,Maulin,fmaulinhc@parallels.com,Zlatar,16 Superior Street
+232-917-269-1850,Dulcine,Kill,dkillhd@java.com,Kailahun,8854 Fremont Center
+261-957-923-1975,Babbette,Agerskow,bagerskowhe@eventbrite.com,Farafangana,843 1st Park
+86-185-817-2087,Merralee,Fernandes,mfernandeshf@upenn.edu,Shijiao,178 Merrick Lane
+54-227-606-3789,Peyter,Broadway,pbroadwayhg@hibu.com,La Punta,2 Vera Way
+62-655-666-8899,Sigmund,Arkow,sarkowhh@usa.gov,Seseng,149 Dixon Road
+81-637-352-2143,Kliment,Millichap,kmillichaphi@unblog.fr,Shingū,15 Duke Lane
+48-124-504-5435,Duky,Retallick,dretallickhj@yandex.ru,Fabianki,33 Barnett Way
+251-966-391-4923,Jaime,Dmisek,jdmisekhk@freewebs.com,Dodola,9 Prairie Rose Crossing
+420-466-659-7322,Olwen,Davison,odavisonhl@naver.com,Černovice,4 Sachs Point
+86-653-852-4452,Billi,Sikorsky,bsikorskyhm@angelfire.com,Qimantage,479 Meadow Vale Parkway
+62-756-351-0502,Rebeca,Wickersham,rwickershamhn@paypal.com,Kebonkaret,7247 Green Alley
+380-685-235-9030,Alain,Testin,atestinho@sciencedirect.com,Velyki Sorochyntsi,179 Hoard Hill
+976-575-529-7584,Audra,Topper,atopperhp@toplist.cz,Tsagaan-Olom,5094 Coleman Park
+506-486-417-9324,Rand,Bartolomucci,rbartolomuccihq@ft.com,Chacarita,70 Mayfield Circle
+55-225-989-7985,Carma,Gillian,cgillianhr@creativecommons.org,Araripina,9000 Northview Park
+63-300-550-0801,Fabian,Suddell,fsuddellhs@sbwire.com,Tranca,2 Lake View Alley
+86-454-630-4726,Clare,Williamson,cwilliamsonht@github.io,Xinglongquan,28 Menomonie Crossing
+375-882-236-7953,Roze,Goodie,rgoodiehu@mail.ru,Nasilava,194 Thackeray Point
+1-465-430-3271,Krissie,Trimmell,ktrimmellhv@yahoo.co.jp,North Perth,5 Vernon Pass
+55-580-692-7006,Amelita,Gretham,agrethamhw@ocn.ne.jp,Campo Grande,8 Thackeray Avenue
+970-308-731-7247,Carol,Bolger,cbolgerhx@vkontakte.ru,Al Judayrah,17510 Hintze Alley
+63-185-694-4093,Abe,Chrispin,achrispinhy@washingtonpost.com,Bual,832 Mallard Way
+62-347-205-0599,Rhoda,Piff,rpiffhz@deviantart.com,Pringu,817 Tomscot Court
+86-846-558-0972,Lilah,Shalders,lshaldersi0@auda.org.au,Xiaosong,8 Park Meadow Plaza
+33-572-650-5193,Piper,Colpus,pcolpusi1@123-reg.co.uk,Massy,98794 Maple Junction
+55-696-893-4325,Carey,Vain,cvaini2@eventbrite.com,Carolina,9798 Morningstar Hill
+238-306-550-4498,Shelby,Barratt,sbarratti3@nytimes.com,Ponta do Sol,632 Village Green Road
+7-216-631-2730,Evonne,Deary,edearyi4@tumblr.com,Kortkeros,39 Cambridge Way
+355-270-950-2742,Nicko,Coils,ncoilsi5@csmonitor.com,Zharrëz,2 Coolidge Road
+48-413-534-1906,Chlo,Godbald,cgodbaldi6@plala.or.jp,Daleszyce,70 Autumn Leaf Pass
+232-682-748-7864,Lissa,Malsher,lmalsheri7@1688.com,Kayima,32014 Hovde Road
+86-618-579-0291,Lenore,Brinson,lbrinsoni8@latimes.com,Gongxi,540 Northport Point
+62-838-596-8122,Hammad,Kearney,hkearneyi9@cocolog-nifty.com,Grujugan,12790 Crescent Oaks Pass
+62-129-705-2208,Sherye,Fontin,sfontinia@wisc.edu,Sumuragung,9 Pepper Wood Plaza
+372-889-619-7175,Danny,Westfalen,dwestfalenib@bandcamp.com,Paldiski,93 Sutteridge Parkway
+63-843-704-4274,Bernie,Kendal,bkendalic@arizona.edu,Burgos,8 Goodland Crossing
+86-175-281-1880,Bobby,Jeanenet,bjeanenetid@webs.com,Ehu,20 Main Center
+33-553-851-2711,Gerhardine,Ryder,gryderie@ucoz.ru,La Courneuve,865 Sloan Avenue
+33-750-251-8902,Denys,Rubroe,drubroeif@noaa.gov,La Talaudière,73 Prairie Rose Terrace
+86-995-854-9498,Heather,Fishwick,hfishwickig@intel.com,Zonghan,33505 Vahlen Terrace
+503-910-762-3423,Jana,Afield,jafieldih@oakley.com,Cojutepeque,427 Monterey Drive
+63-511-350-0155,Kiele,Casterou,kcasterouii@sfgate.com,Busuanga,25 Thompson Trail
+52-490-154-1451,Andrei,Carlo,acarloij@opera.com,La Virgen,34126 Sunnyside Park
+380-430-113-2765,Alfons,Rosenstock,arosenstockik@cocolog-nifty.com,Kodyma,51674 Namekagon Junction
+86-223-148-1332,Bert,Gregoriou,bgregoriouil@sun.com,Houjiagang,51 Vernon Junction
+86-631-945-7054,Caprice,Bordman,cbordmanim@businessinsider.com,Guanshan,349 Sutteridge Center
+1-402-504-9768,Lionello,Doram,ldoramin@nhs.uk,Brades,5 Summit Terrace
+86-321-115-7288,Ellerey,Mar,emario@netvibes.com,Baishui,7590 Arizona Hill
+225-111-940-0638,Mark,Peakman,mpeakmanip@washington.edu,Guiglo,5 Scott Trail
+502-883-272-4379,Egbert,Peinton,epeintoniq@cafepress.com,Río Hondo,22 Buena Vista Hill
+234-888-748-6607,Shepperd,Greet,sgreetir@edublogs.org,Ringim,5 Bartillon Hill
+383-581-664-2093,Alida,O'Bradane,aobradaneis@ameblo.jp,Vitina,7 Dovetail Trail
+33-646-222-2059,Shaun,Gaize,sgaizeit@oakley.com,Versailles,3080 Shasta Park
+1-803-620-8592,Vic,Spybey,vspybeyiu@yahoo.co.jp,Iroquois Falls,45078 Mockingbird Court
+86-481-971-6963,Fabio,Rainard,frainardiv@yellowbook.com,Wenquan,46288 Brown Hill
+63-970-561-0576,Krystalle,Arderne,karderneiw@marketwatch.com,Mansilingan,99 Brown Street
+380-278-735-4780,Fancie,Carlens,fcarlensix@fc2.com,Chornyanka,0 Shopko Parkway
+7-486-714-4017,Curran,Grelik,cgrelikiy@chicagotribune.com,Belköl,5 Mallard Pass
+34-614-754-7304,Robbie,Casillas,rcasillasiz@cocolog-nifty.com,Leon,573 Jenifer Drive
+1-317-519-0738,Karlotta,Ech,kechj0@bbb.org,Indianapolis,486 Union Lane
+51-207-187-6440,Bethina,Gridon,bgridonj1@java.com,Campoverde,96 Messerschmidt Circle
+63-744-660-3933,Selig,Skerritt,sskerrittj2@virginia.edu,Tayug,88 Dryden Alley
+63-210-387-6812,Clarence,Wealleans,cwealleansj3@craigslist.org,Gabi,88856 Nelson Parkway
+86-181-752-1275,Blane,Pyburn,bpyburnj4@multiply.com,Zhangpu,29 Towne Crossing
+374-922-628-4801,Prince,Goburn,pgoburnj5@msn.com,Tsaghkunk’,09 Gateway Street
+66-672-696-9359,Neysa,Lassey,nlasseyj6@gmpg.org,Phichai,8 Fairfield Court
+351-921-652-2468,Shelly,Cawkwell,scawkwellj7@ucoz.ru,Lobão,22296 Reindahl Way
+54-894-772-9032,Cindelyn,Guiet,cguietj8@theglobeandmail.com,Colonia Elía,76796 Birchwood Way
+966-622-619-0575,Teddy,Davoren,tdavorenj9@nbcnews.com,Ar Rass,36797 Riverside Road
+58-642-739-0421,Joelynn,Wadelin,jwadelinja@myspace.com,Guarenas,42501 Lakeland Road
+86-947-944-4833,Tobi,Dennant,tdennantjb@yahoo.co.jp,Luojiang,962 Village Center
+218-143-970-9716,Swen,Petrenko,spetrenkojc@seesaa.net,Waddān,13 Elmside Crossing
+62-529-356-5885,Parsifal,Jaume,pjaumejd@jalbum.net,Banjar Batanpoh,6 Superior Street
+962-585-833-7154,Chicky,Swale,cswaleje@opensource.org,‘Izrā,83 Canary Avenue
+86-299-727-4421,Felecia,Cadney,fcadneyjf@behance.net,Yangzhuang,69 Melody Hill
+689-462-729-0333,Estell,Konert,ekonertjg@goodreads.com,Punaauia,8503 Farmco Alley
+63-166-715-8792,Arabelle,Darington,adaringtonjh@godaddy.com,Tajao,5089 Moose Crossing
+86-262-239-2206,Shannon,Blaber,sblaberji@dot.gov,Hongsihu,00 Hayes Terrace
+62-973-467-0896,L;urette,Fruchon,lfruchonjj@simplemachines.org,Krajandadapmulyo,4825 Mcbride Plaza
+86-773-590-2532,Elena,Ben,ebenjk@un.org,Hongyang,030 Fordem Lane
+33-219-580-0522,Mordecai,Kmieciak,mkmieciakjl@drupal.org,Bergerac,32237 Karstens Drive
+7-304-582-5945,Shayne,Ickovic,sickovicjm@plala.or.jp,Pskov,62420 Grayhawk Road
+86-649-856-4169,Camille,Sliney,cslineyjn@dion.ne.jp,Heqiao,2 Anthes Plaza
+504-584-430-3274,Constantin,Beuscher,cbeuscherjo@phpbb.com,Monjarás,08817 Starling Drive
+380-236-788-1481,Meaghan,Orts,mortsjp@barnesandnoble.com,Yevpatoriya,69 Comanche Parkway
+62-701-156-8053,Bearnard,Golde,bgoldejq@youtu.be,Nangtang,33707 Gale Circle
+251-757-226-0763,Nevsa,Fellon,nfellonjr@php.net,Addiet Canna,316 Dawn Circle
+98-765-654-6866,Kirsti,Nugent,knugentjs@list-manage.com,Damāvand,549 Fairfield Plaza
+1-919-173-4931,Zacharie,O'Farris,zofarrisjt@vinaora.com,Durham,17 Valley Edge Lane
+62-837-325-2942,Salmon,Durnford,sdurnfordju@discovery.com,Solor,0 Doe Crossing Parkway
+86-368-206-9758,Jada,Pycock,jpycockjv@com.com,Zhongshan,1242 Sachs Terrace
+48-434-278-4862,Myriam,Welfare,mwelfarejw@plala.or.jp,Parzęczew,9249 Dahle Way
+358-709-378-9029,Toinette,Fanning,tfanningjx@boston.com,Artjärvi,7 Oak Drive
+387-758-361-2994,Lynda,Mulvihill,lmulvihilljy@hugedomains.com,Bugojno,98319 New Castle Plaza
+63-561-253-0891,Fredrika,Wickersley,fwickersleyjz@go.com,Amagbagan,468 Lotheville Street
+675-620-402-4392,Theodosia,Vereker,tverekerk0@cdc.gov,Mendi,8304 Clemons Alley
+234-982-761-2208,Eduino,Bushrod,ebushrodk1@soup.io,Bokkos,9238 Ryan Circle
+86-832-608-0904,Bogey,Silby,bsilbyk2@theguardian.com,Qincheng,755 Crowley Place
+62-153-665-9637,Tamqrah,Chicchelli,tchicchellik3@pinterest.com,Golek,7769 Stang Way
+48-526-568-3119,Jaime,Mathiasen,jmathiasenk4@blogs.com,Łęknica,7 Pierstorff Junction
+380-768-176-8238,Perle,McCroary,pmccroaryk5@hibu.com,Klishkivtsi,4314 Bartillon Alley
+7-261-411-6901,Karisa,Verlander,kverlanderk6@cnet.com,Krasnyy Oktyabr’,982 Bartelt Terrace
+63-293-199-8346,Frasco,Tschiersch,ftschierschk7@springer.com,Sampaloc,72 Sullivan Avenue
+351-712-669-1671,Clemence,Farlowe,cfarlowek8@so-net.ne.jp,Cabrela,1 Northport Avenue
+1-203-215-0195,Orren,Yoxall,oyoxallk9@yahoo.com,Stamford,7 Larry Hill
+62-758-585-8466,Rolph,Winsborrow,rwinsborrowka@nyu.edu,Bungalaleng,8435 Blue Bill Park Junction
+33-909-823-0512,Ferdinande,Bryce,fbrycekb@oaic.gov.au,Landerneau,9 Eagle Crest Place
+1-633-575-2616,Paxon,Musselwhite,pmusselwhitekc@oakley.com,Harbour Breton,1999 American Ash Point
+7-795-238-2649,Blane,Gingles,bgingleskd@reuters.com,Nekhayevskiy,645 Redwing Junction
+86-526-245-5831,Tamiko,Beasleigh,tbeasleighke@dyndns.org,Yuankeng,259 Rowland Junction
+63-786-385-2388,Arielle,Kift,akiftkf@mediafire.com,San Narciso,8162 Parkside Way
+62-537-113-1515,Kathye,Bondar,kbondarkg@bluehost.com,"Laikit, Laikit II (Dimembe)",5 Scoville Crossing
+57-642-845-0308,Marla,Becke,mbeckekh@phpbb.com,Almaguer,02556 Talisman Street
+31-989-631-9616,Josi,Piggot,jpiggotki@unesco.org,Leiden,4 Katie Crossing
+351-768-738-5745,Christiano,Dumbar,cdumbarkj@netscape.com,Rio,29122 Sauthoff Avenue
+420-358-734-3607,Julian,Gillum,jgillumkk@mashable.com,Petřvald,40 Valley Edge Park
+48-231-444-2388,Meris,Binning,mbinningkl@youtube.com,Dziewin,2 Dakota Center
+30-909-195-2725,Antons,Esson,aessonkm@dmoz.org,Maroúsi,786 Melody Lane
+598-823-220-7729,Guglielma,Baack,gbaackkn@patch.com,San Bautista,394 Talisman Place
+33-428-591-0173,Fulton,McGlue,fmcglueko@comsenz.com,Paris 01,6778 Carberry Circle
+967-860-619-8151,Sterling,Mulroy,smulroykp@usnews.com,As Suwaydā,01 Village Road
+54-940-903-0905,Bogart,Coppock.,bcoppockkq@slashdot.org,Bahía Blanca,8 Northfield Parkway
+374-527-522-8569,Marisa,Ballach,mballachkr@mapy.cz,Hrazdan,087 Manitowish Center
+351-455-821-7221,Sauncho,Enrietto,senriettoks@wix.com,Lagos da Beira,52345 Bayside Court
+63-860-453-9666,Evin,Reggiani,ereggianikt@yellowpages.com,Manolo Fortich,7127 Lake View Junction
+351-541-275-1541,Josie,Pfiffer,jpfifferku@pcworld.com,Guarda Nova,2 Stang Plaza
+358-184-587-8997,Maia,Ambrosch,mambroschkv@psu.edu,Puolanka,55070 Browning Trail
+234-714-871-1938,Shelby,Frill,sfrillkw@deliciousdays.com,Bassa,32 Fremont Pass
+48-844-905-6214,Dorian,Newis,dnewiskx@zdnet.com,Rzewnie,76 Waywood Terrace
+33-651-480-3964,Merrel,Gingel,mgingelky@live.com,Rennes,58 Packers Plaza
+86-382-846-0155,Janeva,Belbin,jbelbinkz@marriott.com,Guanting,60 Dennis Terrace
+381-749-445-4059,Shea,Stoeckle,sstoecklel0@ucla.edu,Bečej,3 Union Point
+86-900-936-3763,Ewart,Pheazey,epheazeyl1@fastcompany.com,Luoshe,7 Barby Junction
+972-598-570-8395,Lewes,Wiltshaw,lwiltshawl2@google.co.uk,Giv'on HaHadasha,9 Sommers Point
+62-182-656-8129,Bobette,Ehlerding,behlerdingl3@feedburner.com,Andir,5072 Novick Pass
+45-684-813-6932,Junina,Patington,jpatingtonl4@jimdo.com,København,0127 Meadow Ridge Court
+351-648-163-2360,Anneliese,Crosswaite,acrosswaitel5@istockphoto.com,Várzea da Serra,8 Vahlen Street
+386-179-936-7751,Pavla,Conaghan,pconaghanl6@google.co.jp,Beltinci,0997 Menomonie Place
+86-909-927-0963,Ginger,Christofol,gchristofoll7@indiegogo.com,Caoxi,39022 Park Meadow Junction
+86-941-583-7843,Megen,Oty,motyl8@imdb.com,Dongxi,40 Almo Street
+63-714-109-9142,Karon,Marks,kmarksl9@forbes.com,Paitan Este,8 Spohn Plaza
+51-199-262-7377,Craig,Farnfield,cfarnfieldla@gizmodo.com,Pueblo Nuevo,9471 Loftsgordon Parkway
+86-865-932-0648,Ingmar,Schruur,ischruurlb@facebook.com,Huangqi,9 Holmberg Trail
+380-668-981-1575,Thorny,Tayt,ttaytlc@buzzfeed.com,Ovruch,41324 Hollow Ridge Street
+62-999-509-0086,Rana,Snodin,rsnodinld@howstuffworks.com,Satowebrang,7 Veith Center
+62-374-194-8596,Larry,Perview,lperviewle@tumblr.com,Sunduk,4709 Lukken Parkway
+86-362-701-6943,Joete,Pavlovic,jpavloviclf@wikimedia.org,Shidong,38 Nevada Lane
+63-500-790-1615,Portie,Gittis,pgittislg@github.com,San Mateo,849 Sloan Point
+86-683-811-4082,Verena,Lordon,vlordonlh@ask.com,Gancheng,65 Westerfield Pass
+380-318-377-1222,Mei,Pedlingham,mpedlinghamli@deviantart.com,Ralevka,0 Waxwing Drive
+86-559-577-7198,Robyn,Lornsen,rlornsenlj@apple.com,Tongchuan,0 Vermont Court
+63-804-626-5067,Lowell,Pettecrew,lpettecrewlk@flavors.me,Balagon,29727 Grayhawk Way
+48-312-500-0679,Bryna,Vankov,bvankovll@weibo.com,Blachownia,778 Melrose Alley
+504-462-199-2059,Francklin,Bradfield,fbradfieldlm@illinois.edu,Sabanagrande,12 Burning Wood Pass
+86-943-803-5641,Renata,Wraggs,rwraggsln@mlb.com,Miaoquan,736 Oak Valley Pass
+86-487-735-3174,Chic,Peteri,cpeterilo@hexun.com,Tafeng,545 Myrtle Terrace
+850-416-754-1145,Abey,Kinworthy,akinworthylp@mashable.com,Samho-rodongjagu,35 Graceland Drive
+994-850-817-8748,Johna,Kingdom,jkingdomlq@rediff.com,Bakıxanov,69883 Schlimgen Drive
+380-738-611-0229,Melissa,Hubner,mhubnerlr@unicef.org,Sholokhove,2 Lighthouse Bay Place
+33-495-694-8752,Paulie,Kittow,pkittowls@yahoo.co.jp,Forbach,24118 Lake View Point
+299-491-874-1046,Drusie,Boules,dbouleslt@salon.com,Nuuk,1 Sommers Circle
+86-206-267-8830,Kelila,Mulroy,kmulroylu@naver.com,Taoyuan,70302 Cottonwood Place
+84-868-669-6844,Jehanna,MacAnulty,jmacanultylv@mysql.com,Thị Trấn Quảng Uyên,774 Loomis Pass
+54-385-813-6129,Melany,End,mendlw@163.com,Vicuña Mackenna,7399 Leroy Park
+86-759-487-7175,Annabella,Grane,agranelx@hatena.ne.jp,Dazuo,569 Farmco Junction
+66-484-954-0065,Wini,Kerfod,wkerfodly@digg.com,Nong Khae,429 Texas Hill
+48-589-751-6675,Gale,Braghini,gbraghinilz@baidu.com,Łętownia,87861 Melody Road
+267-882-288-3575,Adham,Voas,avoasm0@upenn.edu,Palapye,56 Harper Hill
+266-907-643-2688,Storm,Jaksic,sjaksicm1@nbcnews.com,Mafeteng,81171 Fordem Park
+86-129-786-5433,Benedick,Fishbourne,bfishbournem2@indiegogo.com,Jinghai,5 Manufacturers Junction
+51-936-324-0539,Ursa,Gummow,ugummowm3@so-net.ne.jp,Pampa Hermosa,0 Carpenter Alley
+351-653-565-6388,Reinhold,Rumbellow,rrumbellowm4@etsy.com,Arnoia,8 Mendota Road
+27-765-726-1284,Giselbert,Schwerin,gschwerinm5@google.ca,Botshabelo,3 Green Ridge Park
+81-497-306-3146,Kat,Laxtonne,klaxtonnem6@virginia.edu,Mashiko,3989 Anthes Lane
+55-549-131-3765,Kermy,Kinner,kkinnerm7@reddit.com,Araçoiaba da Serra,83901 Dunning Crossing
+30-384-207-6802,Reube,Stuchburie,rstuchburiem8@princeton.edu,Langádhia,92 Hagan Lane
+357-540-193-5373,Sophronia,Dellow,sdellowm9@slideshare.net,Perivólia,65 Onsgard Center
+86-114-627-4761,Pail,Normadell,pnormadellma@nhs.uk,Sigeng,2 Buena Vista Park
+66-167-817-4454,Shelli,Payton,spaytonmb@upenn.edu,Ubonratana,28 Basil Terrace
+351-915-396-2513,Tracy,MacNish,tmacnishmc@smugmug.com,Carrasqueira,668 Debs Circle
+998-722-571-7132,Ruttger,Steffans,rsteffansmd@nasa.gov,Mang’it Shahri,917 Beilfuss Crossing
+970-603-489-5106,Karol,Minor,kminorme@forbes.com,Ad Dawḩah,6001 Sunbrook Trail
+58-214-750-4068,Marcie,Jochens,mjochensmf@friendfeed.com,Aroa,47121 Lakeland Lane
+380-692-991-7102,Cyril,Broomfield,cbroomfieldmg@samsung.com,Luhans’ke,32150 Hermina Circle
+86-382-695-8017,Sonnnie,Cliss,sclissmh@webeden.co.uk,Wuyanquan,80 Mariners Cove Circle
+261-781-412-6737,Paxon,Currier,pcurriermi@epa.gov,Amparafaravola,5 Artisan Way
+7-772-780-8771,Nelie,Juszczak,njuszczakmj@google.cn,Kirovskaya,99740 Dunning Hill
+86-202-161-3866,Brice,Maase,bmaasemk@a8.net,Nanyuan,745 Spenser Alley
+86-629-283-3765,Cthrine,Hellyer,chellyerml@pbs.org,Nankeng,3 Golf Way
+351-528-599-0742,Bondon,Whild,bwhildmm@behance.net,Casal de São João,7 Maryland Place
+358-193-851-5483,Cornell,Hearnah,chearnahmn@time.com,Nykarleby,95 Corscot Terrace
+63-198-412-9916,Rudiger,Korpolak,rkorpolakmo@fotki.com,Bolong,871 Cottonwood Way
+7-437-183-4688,Murry,Giovannelli,mgiovannellimp@technorati.com,Kadyy,25925 Fulton Road
+86-792-988-9639,Mickie,Ledbury,mledburymq@google.es,Shaogongzhuang,61730 Dexter Terrace
+1-206-123-5541,Gael,Anstice,gansticemr@vinaora.com,Seattle,6 Vermont Trail
+86-469-369-4504,Kimberli,Masdin,kmasdinms@shinystat.com,Hongzhou,15 Southridge Way
+63-616-375-6421,Shaughn,Flatman,sflatmanmt@tamu.edu,Tumauini,05 Moland Court
+267-352-479-5440,Lombard,Hartnell,lhartnellmu@goo.ne.jp,Maunatlala,3074 Red Cloud Place
+57-239-396-6369,Estevan,Sparey,espareymv@house.gov,Riosucio,6 Raven Road
+58-537-543-3899,Cayla,Jeannesson,cjeannessonmw@elpais.com,San Antonio de Los Altos,651 Leroy Terrace
+51-762-546-1133,Bran,Bourdis,bbourdismx@reddit.com,Niepos,0948 Susan Avenue
+86-445-228-9407,Janka,Beslier,jbesliermy@unesco.org,Xiwang,273 Monica Road
+55-735-272-5338,Rice,Headington,rheadingtonmz@thetimes.co.uk,Pinhão,1866 La Follette Road
+52-387-916-8731,Cirilo,Bielfelt,cbielfeltn0@columbia.edu,Vista Hermosa,6187 Laurel Circle
+255-833-860-8118,Hy,Lammertz,hlammertzn1@mysql.com,Kwakoa,6 Merrick Lane
+7-307-405-2324,Sherrie,Melvin,smelvinn2@msn.com,Terenozek,56 Main Pass
+48-441-462-7490,Odelinda,Bamford,obamfordn3@discovery.com,Knurów,2026 Lindbergh Parkway
+63-409-139-7879,Cloe,Le Galle,clegallen4@buzzfeed.com,Ibaan,47 Pearson Terrace
+86-298-458-1190,Cass,Raittie,craittien5@loc.gov,Jiaocheng,64 Westend Alley
+86-911-646-4739,Normand,Bohman,nbohmann6@marketwatch.com,Leyuan,24 Thierer Court
+62-586-104-8398,Dewitt,Jirzik,djirzikn7@sciencedaily.com,Plumbangan,8 Lakewood Gardens Street
+81-786-388-7199,Sigismund,Keoghan,skeoghann8@dailymotion.com,Tōkamachi,048 Green Ridge Avenue
+380-696-612-2291,Aliza,Galley,agalleyn9@telegraph.co.uk,Poroshkovo,847 Magdeline Way
+62-317-270-4505,Ancell,Berthon,aberthonna@walmart.com,Banjar Sembunggede,13 Crowley Drive
+420-945-791-9138,Dolli,Gillion,dgillionnb@csmonitor.com,Velký Týnec,26437 Independence Avenue
+48-380-136-9988,Susette,Coffee,scoffeenc@furl.net,Koźmin Wielkopolski,1084 Arkansas Way
+86-572-140-4853,Ruthi,Scolts,rscoltsnd@businessweek.com,Shouchun,48 Iowa Circle
+62-624-417-8398,Atalanta,Halsted,ahalstedne@japanpost.jp,Mancagahar,23 Bashford Circle
+86-507-485-7692,Colin,Redihough,credihoughnf@blog.com,Kaiyuan,556 Drewry Crossing
+33-969-966-6350,Nefen,Braffington,nbraffingtonng@cornell.edu,Suresnes,107 Petterle Center
+51-465-573-7157,Arne,Sharpin,asharpinnh@sciencedaily.com,Huasahuasi,204 Elka Crossing
+55-969-128-0083,Lexy,Vandrill,lvandrillni@google.it,Mateus Leme,1249 Meadow Valley Hill
+7-485-308-5695,Venus,MacMeeking,vmacmeekingnj@ucla.edu,Ordzhonikidzevskiy,6164 Carey Terrace
+86-457-177-5892,Jo,Coombes,jcoombesnk@imageshack.us,Yushan,8855 Paget Plaza
+52-607-821-1174,Blancha,Repp,breppnl@livejournal.com,Las Flores,9445 Cordelia Parkway
+57-940-221-3716,Hester,Loud,hloudnm@bigcartel.com,Barrancas,0 Coleman Trail
+7-966-351-9802,Charo,McArdell,cmcardellnn@is.gd,Shatrovo,08 Dunning Parkway
+86-650-443-5809,Ewell,Stopps,estoppsno@sakura.ne.jp,Heshui,6907 Lawn Drive
+52-966-790-7238,Eugenius,Caps,ecapsnp@e-recht24.de,Cuauhtemoc,31 Hintze Hill
+86-112-614-2393,Caritta,Kestian,ckestiannq@yahoo.com,Shijia,02 Everett Parkway
+7-726-488-2284,Jacklin,Becerra,jbecerranr@unesco.org,Podgorenskiy,2 Lake View Avenue
+352-686-496-8975,Alma,Dionisii,adionisiins@amazonaws.com,Mompach,1 Evergreen Street
+86-819-653-0192,Venus,Winkle,vwinklent@youtube.com,Huangjiabu,708 Cordelia Avenue
+62-604-289-0305,Birch,Manzell,bmanzellnu@newsvine.com,Bojonglarang,20285 Beilfuss Park
+86-878-813-3974,Adel,Macak,amacaknv@mit.edu,Huikou,55 Norway Maple Drive
+63-386-295-0517,Saree,Arkin,sarkinnw@typepad.com,Capulaan,8216 Daystar Lane
+598-888-751-2325,Corene,Shakesby,cshakesbynx@istockphoto.com,Delta del Tigre,3 Kennedy Parkway
+291-822-416-5975,Ilysa,Papez,ipapezny@mysql.com,Keren,239 Lakeland Court
+86-294-413-8090,Maury,Pancost,mpancostnz@senate.gov,Fengle,637 Lyons Place
+84-123-994-8533,Elias,Paulon,epaulono0@fotki.com,Tân Châu,73 Delaware Center
+86-789-171-0713,Blanche,Nund,bnundo1@unicef.org,Quzi,293 Main Junction
+31-144-528-4754,Nobe,Straughan,nstraughano2@smugmug.com,Maastricht,887 Fairfield Hill
+54-398-994-8633,Gardy,Bhar,gbharo3@behance.net,Bahía Blanca,45 Sachtjen Road
+1-214-596-2046,Etta,Gray,egrayo4@accuweather.com,Dallas,3324 Fieldstone Park
+86-679-976-5536,Allene,Wyldes,awyldeso5@tinyurl.com,Gurinai,09620 Melvin Street
+86-394-384-1419,Emmit,Bent,ebento6@amazon.co.jp,Yongfa,1 Rieder Court
+62-876-639-9948,Anselm,Bevan,abevano7@elegantthemes.com,Karanganyar,64 Forster Pass
+86-189-502-3522,Gabbie,Lademann,glademanno8@netlog.com,Fulu,314 Doe Crossing Pass
+51-607-146-5347,Dehlia,Venning,dvenningo9@123-reg.co.uk,Chiguata,81253 Fuller Park
+86-396-302-0638,Alvan,Holyland,aholylandoa@scribd.com,Baziqiao,3522 Vermont Trail
+351-290-936-1361,Pebrook,Kalberer,pkalbererob@rakuten.co.jp,Valtelheiro,46 Sullivan Crossing
+84-934-964-1152,Matthaeus,Jakes,mjakesoc@squidoo.com,Ấp Tân Ngãi,19 Lunder Pass
+86-308-566-4509,Kaine,Faithorn,kfaithornod@quantcast.com,Erlangkou,993 Meadow Valley Avenue
+93-302-349-2353,Oralla,Pattillo,opattillooe@cam.ac.uk,Pul-e Sangī,2 Nova Drive
+7-635-789-8639,Phillipe,Shedd,psheddof@delicious.com,Georgiyevskaya,846 Alpine Avenue
+420-160-572-9607,Idette,Labrone,ilabroneog@washington.edu,Brodek u Přerova,0511 Kensington Drive
+33-382-815-9024,Colette,Robet,crobetoh@freewebs.com,Draguignan,900 Waubesa Trail
+30-378-642-4752,Jacki,Treslove,jtresloveoi@bandcamp.com,Kalampáka,03653 Fairfield Hill
+86-332-400-7975,Lola,MacVay,lmacvayoj@telegraph.co.uk,Jingnao,997 Waubesa Road
+48-688-578-2516,Ashli,Barrasse,abarrasseok@apple.com,Skwierzyna,60 Saint Paul Circle
+55-149-850-3739,Vassily,McCook,vmccookol@redcross.org,Ituiutaba,83 Dryden Hill
+7-127-517-0289,Madeline,Nuemann,mnuemannom@phoca.cz,Pizhma,6 Nevada Street
+63-872-527-6836,Meredithe,Kennedy,mkennedyon@aol.com,Alfonso,027 Rusk Circle
+33-943-271-8658,Judah,Norway,jnorwayoo@slate.com,La Garde,48 Sachs Drive
+81-121-703-3915,Cassey,Avard,cavardop@howstuffworks.com,Kitakami,5783 Main Point
+66-115-563-2447,Auroora,O'Dooghaine,aodooghaineoq@meetup.com,Kaset Wisai,65 Almo Court
+355-198-754-6956,Nickola,Dacke,ndackeor@squarespace.com,Pirg,67 School Trail
+86-410-212-7170,Bernita,Janiszewski,bjaniszewskios@yahoo.com,Zhouzhuang,282 Nobel Avenue
+1-407-919-6825,Mike,Giff,mgiffot@usatoday.com,Orlando,9 Harbort Hill
+93-856-368-5198,Rance,Brauner,rbraunerou@europa.eu,Qarqīn,1831 Ryan Avenue
+84-164-123-0084,Rosemonde,Normaville,rnormavilleov@gmpg.org,Ea Drăng,8921 Erie Way
+421-826-475-4862,Salvidor,Phebey,sphebeyow@nps.gov,Bratislava,558 Walton Pass
+48-956-352-9841,Abrahan,Dockree,adockreeox@bloomberg.com,Chodów,54 Kim Drive
+53-333-614-8272,Robinson,Soames,rsoamesoy@cnbc.com,San Luis,97165 Dahle Point
+86-249-134-0996,Grannie,Klesse,gklesseoz@instagram.com,Hejia,518 New Castle Road
+62-702-312-9175,Bastien,Leftley,bleftleyp0@imdb.com,Gagah,9455 Dorton Park
+1-407-138-7049,Barbara,Crosse,bcrossep1@google.com.hk,Pensacola,193 Harper Alley
+970-849-539-3365,Gwenneth,Traut,gtrautp2@scribd.com,Za‘tarah,1624 Westend Road
+62-119-374-5508,Mycah,Agass,magassp3@sphinn.com,Parabon,81 Charing Cross Avenue
+48-634-689-3085,Cam,Bent,cbentp4@sitemeter.com,Uście Gorlickie,71 Kim Junction
+420-659-405-7412,Melany,Deex,mdeexp5@acquirethisname.com,Komorní Lhotka,67 Spohn Terrace
+86-730-225-3067,Donal,Dwelly,ddwellyp6@ihg.com,Kedian,71 Rowland Junction
+63-466-647-7080,Ryon,Chrichton,rchrichtonp7@goodreads.com,Isugod,57 Vermont Parkway
+351-291-753-6792,Dasi,Hulkes,dhulkesp8@theglobeandmail.com,Corredoura,220 Everett Trail
+98-829-135-2732,Valentine,Pach,vpachp9@webs.com,Dārāb,6 Warrior Hill
+86-978-766-0770,Alyson,Mosedale,amosedalepa@sciencedirect.com,Yiyang,08 High Crossing Alley
+385-928-601-8051,Clay,Payler,cpaylerpb@amazonaws.com,Buje,1 Lake View Point
+86-425-942-7485,Merrile,Lympany,mlympanypc@npr.org,Yuecheng,23 Sommers Way
+52-446-103-2803,Lazar,Jouning,ljouningpd@dropbox.com,Chapultepec,54 Magdeline Way
+1-408-225-0266,Blinni,Sinton,bsintonpe@free.fr,San Jose,77804 Warbler Court
+63-930-734-1941,Marshall,Callum,mcallumpf@youtu.be,Paniqui,3 Dexter Alley
+46-508-710-3971,Jewel,Farnish,jfarnishpg@lulu.com,Jönköping,950 Golden Leaf Alley
+33-202-898-4868,Martynne,Lamdin,mlamdinph@mit.edu,Paris 02,95508 Anthes Hill
+81-702-576-8881,Kiley,Ficken,kfickenpi@eepurl.com,Kurihashi,0 Melby Road
+86-824-499-0484,Lancelot,Hise,lhisepj@alibaba.com,Huayuanli,15 Nevada Trail
+33-703-337-7918,Gerri,Climer,gclimerpk@parallels.com,Marseille,2 3rd Place
+86-875-372-8765,Glenn,MacPeake,gmacpeakepl@nih.gov,Yudai,70883 Prairieview Crossing
+86-206-824-7474,Rheta,Cluff,rcluffpm@squidoo.com,Sandu,6902 Green Crossing
+1-504-115-1009,Galvin,Farnin,gfarninpn@ask.com,New Orleans,66 Ilene Trail
+7-722-569-6426,Nikki,Cerie,nceriepo@oakley.com,Odintsovo,22654 Arapahoe Plaza
+63-441-767-6067,Joline,Storkes,jstorkespp@nps.gov,Guisijan,0 Dayton Parkway
+86-623-322-1123,Verine,Goady,vgoadypq@flavors.me,Chenzui,0155 David Junction
+680-611-463-5804,Odey,Rhodus,orhoduspr@time.com,Ngchesar Hamlet,0430 Bay Drive
+46-339-984-4606,Sibley,Faircliff,sfaircliffps@ifeng.com,Enköping,5 Shopko Terrace
+86-102-148-9907,Shurlock,Bande,sbandept@weebly.com,Chuanxi,51 Prairieview Pass
+86-608-333-8108,Kit,Matheson,kmathesonpu@japanpost.jp,Hukeng,023 Kim Place
+62-332-290-2496,Pandora,Tyrrell,ptyrrellpv@bbb.org,Maundai,8674 Warrior Terrace
+86-953-106-2695,Mariann,Jaggs,mjaggspw@miibeian.gov.cn,Baozhu,77097 Jenna Junction
+62-243-223-2456,Alberto,Rimour,arimourpx@goo.ne.jp,Banjar Bau Kawan,4322 Annamark Street
+86-700-737-1417,Bev,Blumer,bblumerpy@newyorker.com,Fengjiang,6 Stephen Alley
+51-307-742-3224,Lisette,Ary,larypz@mayoclinic.com,Coalaque,8 Jackson Hill
+1-702-459-0380,Marijo,Karlowicz,mkarlowiczq0@wired.com,Las Vegas,57 Prentice Point
+86-950-133-7458,Wileen,Duffit,wduffitq1@homestead.com,Hetang,20 Starling Plaza
+420-450-182-4210,Zaneta,Mathieson,zmathiesonq2@washingtonpost.com,Čáslav,7114 Duke Point
+49-984-652-6668,Vita,Bernhart,vbernhartq3@wix.com,Duisburg,233 Del Mar Terrace
+30-165-967-4194,Mano,Whisker,mwhiskerq4@yelp.com,Vrilissia,79152 Nevada Hill
+81-348-547-2988,Barry,Mitten,bmittenq5@t-online.de,Moriguchi,7358 Harper Plaza
+86-134-632-5261,Paquito,Duchasteau,pduchasteauq6@icq.com,Shuangpu,87 Nova Pass
+52-356-333-3809,Humberto,Bradden,hbraddenq7@youtu.be,San Francisco,56195 Fisk Parkway
+54-555-306-1176,Tine,Nicklin,tnicklinq8@pinterest.com,Garupá,56 Gina Terrace
+33-354-216-2147,Livvie,Sprigin,lspriginq9@storify.com,Angers,8049 Warner Way
+31-212-444-8415,Ralina,Eddolls,reddollsqa@statcounter.com,Brunssum,5518 Spohn Court
+359-455-278-6294,Harris,Zannelli,hzannelliqb@ifeng.com,Razgrad,20 Mitchell Circle
+33-777-407-1570,Guilbert,Andrus,gandrusqc@linkedin.com,Lorient,382 Springs Avenue
+420-550-388-4222,Celesta,Scrannage,cscrannageqd@hatena.ne.jp,Bartošovice,1 Sycamore Road
+81-533-184-4035,Gregory,Straker,gstrakerqe@flavors.me,Tondabayashichō,467 Veith Alley
+55-279-119-5899,Vergil,Chritchley,vchritchleyqf@xinhuanet.com,Promissão,913 Messerschmidt Road
+236-738-246-2240,Garwin,Boulde,gbouldeqg@surveymonkey.com,Rafaï,3049 Waywood Place
+62-543-854-6722,Maynord,Vassano,mvassanoqh@psu.edu,Waigete,70856 Clove Terrace
+63-644-558-9906,Brad,Dancer,bdancerqi@domainmarket.com,Montilla,9484 Straubel Road
+55-179-900-3240,Boycey,Acreman,bacremanqj@networksolutions.com,Padre Bernardo,13697 Banding Junction
+48-290-246-7437,Sherwynd,Pelman,spelmanqk@ovh.net,Niedźwiedź,3 American Court
+46-687-538-7276,Emylee,Arsmith,earsmithql@is.gd,Umeå,0440 East Court
+55-857-101-2514,Sabra,Dyster,sdysterqm@admin.ch,Guaíra,8 Vera Alley
+267-127-970-7624,Staci,Drohun,sdrohunqn@nydailynews.com,Kang,0769 Crownhardt Trail
+84-627-363-0444,Nels,Finkle,nfinkleqo@ning.com,Phong Điền,3 Mayfield Center
+62-407-282-8473,Inger,Bachshell,ibachshellqp@vkontakte.ru,Wangi,4729 Hanson Trail
+66-777-912-0113,Felicio,Simonou,fsimonouqq@mozilla.com,Bueng Kum,36077 Corscot Avenue
+48-341-106-1553,Alberta,Woodrough,awoodroughqr@webmd.com,Bolszewo,99 Mcbride Park
+31-912-376-2225,Joni,Damant,jdamantqs@theglobeandmail.com,Dordrecht,1255 Comanche Place
+54-563-621-6916,Yance,Menco,ymencoqt@simplemachines.org,Vera,3848 Mesta Road
+226-685-138-8571,Selinda,McGaffey,smcgaffeyqu@purevolume.com,Boulsa,10 Nelson Lane
+63-736-767-1069,Rosie,Jillions,rjillionsqv@simplemachines.org,Gabaldon,3891 Mitchell Court
+62-175-680-7926,Ekaterina,Swoffer,eswofferqw@i2i.jp,Pajeksan,65417 Dahle Crossing
+230-450-517-1178,Roanne,Siggins,rsigginsqx@wikia.com,Cluny,646 Bartillon Trail
+57-490-831-5059,Orelia,Rigby,origbyqy@globo.com,Barrio San Luis,94078 Dryden Pass
+358-240-976-0292,Wandie,Ferryman,wferrymanqz@networkadvertising.org,Varkaus,52 Loomis Place
+970-138-301-1006,Alexandr,Carwithan,acarwithanr0@cbsnews.com,‘Anātā,8952 Bonner Point
+44-810-812-6350,Marcello,Cashley,mcashleyr1@mashable.com,Normanton,24022 Blue Bill Park Pass
+64-456-435-6026,Eryn,Summerton,esummertonr2@ucla.edu,North Shore,83949 Westridge Road
+249-681-580-4057,Elbert,Cousins,ecousinsr3@ted.com,Al Manāqil,732 Badeau Avenue
+380-717-396-1815,Gradey,Bethell,gbethellr4@usa.gov,Potelych,6999 Montana Lane
+86-992-674-8487,Leda,de Nore,ldenorer5@etsy.com,Gaolong,85302 Forest Dale Lane
+33-329-582-7009,Susanetta,Beardow,sbeardowr6@blogtalkradio.com,Rivesaltes,436 Heath Trail
+63-182-347-0970,Benedict,Larkby,blarkbyr7@sina.com.cn,Tulay na Lupa,94604 Eagan Plaza
+54-353-197-5770,Corrianne,Monnelly,cmonnellyr8@fema.gov,Carlos Casares,5072 Lotheville Alley
+86-866-299-9153,Silvano,Beran,sberanr9@amazon.de,Changle,6913 Holy Cross Alley
+7-292-938-4633,Willy,Antognazzi,wantognazzira@intel.com,Novaya Chigla,3879 Bayside Way
+86-419-336-3271,Wilbur,McKerlie,wmckerlierb@sina.com.cn,Xiangba,98 Clyde Gallagher Lane
+58-995-450-9194,Celia,Piatek,cpiatekrc@senate.gov,Táriba,5 Magdeline Court
+86-399-943-9031,Theodoric,Stolworthy,tstolworthyrd@ameblo.jp,Chahannao,5 Hermina Street
+33-410-255-8644,Salomo,O'Loughane,soloughanere@yellowpages.com,Lyon,92208 Randy Plaza
+36-282-695-8358,Aldon,Dansey,adanseyrf@bigcartel.com,Pécs,57 Kings Crossing
+62-124-954-4059,Corissa,Slot,cslotrg@skyrock.com,Datarnangka,71 Sunnyside Lane
+353-243-262-9648,Saundra,Spivie,sspivierh@biblegateway.com,Lucan,6354 Kim Place
+380-760-896-5646,Archie,Bayne,abayneri@nih.gov,Zalishchyky,0 Mockingbird Circle
+86-426-300-2561,Allen,Smalecombe,asmalecomberj@ca.gov,Tonglin,93 Shasta Trail
+27-889-413-0448,Glenna,Sieb,gsiebrk@yale.edu,Thaba Nchu,7 Cordelia Drive
+33-953-891-1177,Althea,Schwartz,aschwartzrl@icq.com,Verdun,37716 Sloan Court
+212-732-946-1124,Prince,Campes,pcampesrm@bing.com,Jorf,311 Clove Alley
+593-145-794-7019,Sly,Bresson,sbressonrn@vk.com,Atuntaqui,8 Thierer Terrace
+420-359-501-0629,Jacinthe,Himsworth,jhimsworthro@mapy.cz,Chropyně,293 Monica Place
+381-609-570-9438,Duncan,Imm,dimmrp@reference.com,Aranđelovac,28036 Hooker Avenue
+850-159-721-2952,Mateo,Wickins,mwickinsrq@usgs.gov,Chongjin,7 Park Meadow Place
+62-824-362-8680,Javier,Waiton,jwaitonrr@blog.com,Simo Satu,96047 Transport Place
